,id,age,Ethnicity,gender,i,response,reaction_time,accuracy,img_emotion,img_ethnicity,img_gender,img_trigger,res_trigger,acc_trigger
0,ah,40,Danish,Male,./final_images\WF15_SC_sad.jpg,e,1.594927700003609,correct,sad,white,female,30,100,130
1,ah,40,Danish,Male,./final_images\BF05_SC_sad.jpg,e,2.5488877999596298,correct,sad,black,female,30,100,130
2,ah,40,Danish,Male,./final_images\BF03_NO_neutral.jpg,e,3.9309555999934673,neutral,neutral,black,female,40,100,140
3,ah,40,Danish,Male,./final_images\BM03_HO_happy.jpg,i,4.718907200032845,correct,happy,black,male,20,200,220
4,ah,40,Danish,Male,./final_images\WM10_NC_neutral.jpg,e,5.907916799886152,neutral,neutral,white,male,40,100,140
5,ah,40,Danish,Male,./final_images\WF12_NO_neutral.jpg,e,7.584882899885997,neutral,neutral,white,female,40,100,140
6,ah,40,Danish,Male,./final_images\AM11_SC_sad.jpg,e,8.4719418999739,correct,sad,black,male,30,100,130
7,ah,40,Danish,Male,./final_images\WM02_NO_neutral.jpg,e,9.185922799864784,neutral,neutral,white,male,40,100,140
8,ah,40,Danish,Male,./final_images\BM01_SO_sad.jpg,e,9.971878499956802,correct,sad,black,male,30,100,130
9,ah,40,Danish,Male,./final_images\WF10_SC_sad.jpg,e,10.700871599838138,correct,sad,white,female,30,100,130
10,ah,40,Danish,Male,./final_images\BM12_HC_happy.jpg,i,11.475937200011685,correct,happy,black,male,20,200,220
11,ah,40,Danish,Male,./final_images\BF02_NC_neutral.jpg,e,12.387975399848074,neutral,neutral,black,female,40,100,140
12,ah,40,Danish,Male,./final_images\BM03_NO_neutral.jpg,e,13.90089049981907,neutral,neutral,black,male,40,100,140
13,ah,40,Danish,Male,./final_images\BF03_SC_sad.jpg,e,14.653401199961081,correct,sad,black,female,30,100,130
14,ah,40,Danish,Male,./final_images\WM12_NC_neutral.jpg,e,15.362872499972582,neutral,neutral,white,male,40,100,140
15,ah,40,Danish,Male,./final_images\AF03_HC_happy.jpg,i,16.359879199881107,correct,happy,black,female,20,200,220
16,ah,40,Danish,Male,./final_images\BF17_NC_neutral.jpg,e,18.048855199944228,neutral,neutral,black,female,40,100,140
17,ah,40,Danish,Male,./final_images\WM10_SC_sad.jpg,e,18.920866699889302,correct,sad,white,male,30,100,130
18,ah,40,Danish,Male,./final_images\WF14_HO_happy.jpg,i,19.94984759995714,correct,happy,white,female,20,200,220
19,ah,40,Danish,Male,./final_images\BM14_HO_happy.jpg,i,20.667882199864835,correct,happy,black,male,20,200,220
20,ah,40,Danish,Male,./final_images\AM6_HO_happy.jpg,i,21.40392199996859,correct,happy,black,male,20,200,220
21,ah,40,Danish,Male,./final_images\BM04_SO_sad.jpg,e,23.28283639997244,correct,sad,black,male,30,100,130
22,ah,40,Danish,Male,./final_images\BF07_SO_sad.jpg,e,24.10484189982526,correct,sad,black,female,30,100,130
23,ah,40,Danish,Male,./final_images\WF11_NC_neutral.jpg,e,25.135849899845198,neutral,neutral,white,female,40,100,140
24,ah,40,Danish,Male,./final_images\WF10_NO_neutral.jpg,e,25.843858999898657,neutral,neutral,white,female,40,100,140
25,ah,40,Danish,Male,./final_images\BF08_SO_sad.jpg,e,26.726898399880156,correct,sad,black,female,30,100,130
26,ah,40,Danish,Male,./final_images\WM10_HO_happy.jpg,i,28.38885029987432,correct,happy,white,male,20,200,220
27,ah,40,Danish,Male,./final_images\WF15_NC_neutral.jpg,e,29.46382259996608,neutral,neutral,white,female,40,100,140
28,ah,40,Danish,Male,./final_images\BF10_SC_sad.jpg,e,30.606855399906635,correct,sad,black,female,30,100,130
29,ah,40,Danish,Male,./final_images\WM07_NO_neutral.jpg,e,31.968866899842396,neutral,neutral,white,male,40,100,140
30,ah,40,Danish,Male,./final_images\BM06_HO_happy.jpg,i,32.954859300050884,correct,happy,black,male,20,200,220
31,ah,40,Danish,Male,./final_images\AM11_HO_happy.jpg,i,34.091925899963826,correct,happy,black,male,20,200,220
32,ah,40,Danish,Male,./final_images\WM10_HC_happy.jpg,i,34.87990059982985,correct,happy,white,male,20,200,220
33,ah,40,Danish,Male,./final_images\BM15_HC_happy.jpg,i,35.58486619987525,correct,happy,black,male,20,200,220
34,ah,40,Danish,Male,./final_images\BF19_NC_neutral.jpg,e,36.53110579983331,neutral,neutral,black,female,40,100,140
35,ah,40,Danish,Male,./final_images\BM05_SC_sad.jpg,e,37.350858099991456,correct,sad,black,male,30,100,130
36,ah,40,Danish,Male,./final_images\BM03_NC_neutral.jpg,e,38.14989080000669,neutral,neutral,black,male,40,100,140
37,ah,40,Danish,Male,./final_images\BF13_HC_happy.jpg,i,40.993891099933535,correct,happy,black,female,20,200,220
38,ah,40,Danish,Male,./final_images\BM01_NC_neutral.jpg,e,44.23783460003324,neutral,neutral,black,male,40,100,140
39,ah,40,Danish,Male,./final_images\WF14_NO_neutral.jpg,e,45.05484379990958,neutral,neutral,white,female,40,100,140
40,ah,40,Danish,Male,./final_images\BF01_HO_happy.jpg,i,45.83484250004403,correct,happy,black,female,20,200,220
41,ah,40,Danish,Male,./final_images\BM05_NO_neutral.jpg,e,46.78086009994149,neutral,neutral,black,male,40,100,140
42,ah,40,Danish,Male,./final_images\WM09_SC_sad.jpg,e,47.52681229985319,correct,sad,white,male,30,100,130
43,ah,40,Danish,Male,./final_images\AF07_HO_happy.jpg,i,48.18590549984947,correct,happy,black,female,20,200,220
44,ah,40,Danish,Male,./final_images\WM04_HC_happy.jpg,i,49.009969299891964,correct,happy,white,male,20,200,220
45,ah,40,Danish,Male,./final_images\WM02_SO_sad.jpg,e,49.778849199879915,correct,sad,white,male,30,100,130
46,ah,40,Danish,Male,./final_images\BM16_HC_happy.jpg,i,50.564829600043595,correct,happy,black,male,20,200,220
47,ah,40,Danish,Male,./final_images\AM08_SC_sad.jpg,e,51.51688169990666,correct,sad,black,male,30,100,130
48,ah,40,Danish,Male,./final_images\BF15_HC_happy.jpg,i,52.76282499986701,correct,happy,black,female,20,200,220
49,ah,40,Danish,Male,./final_images\BF04_SC_sad.jpg,e,53.679873999906704,correct,sad,black,female,30,100,130
50,ah,40,Danish,Male,./final_images\AM02_SC_sad.jpg,e,54.44886490004137,correct,sad,black,male,30,100,130
51,ah,40,Danish,Male,./final_images\WF11_HC_happy.jpg,e,55.37690220004879,incorrect,happy,white,female,20,100,50
52,ah,40,Danish,Male,./final_images\BF03_NC_neutral.jpg,e,57.06784529983997,neutral,neutral,black,female,40,100,140
53,ah,40,Danish,Male,./final_images\WM03_NC_neutral.jpg,e,57.81587679986842,neutral,neutral,white,male,40,100,140
54,ah,40,Danish,Male,./final_images\AF08_HO_happy.jpg,i,58.80883729993366,correct,happy,black,female,20,200,220
55,ah,40,Danish,Male,./final_images\WM13_HC_happy.jpg,i,59.49576519988477,correct,happy,white,male,20,200,220
56,ah,40,Danish,Male,./final_images\WF06_HO_happy.jpg,i,60.131936399964616,correct,happy,white,female,20,200,220
57,ah,40,Danish,Male,./final_images\WF14_SO_sad.jpg,e,60.893850199878216,correct,sad,white,female,30,100,130
58,ah,40,Danish,Male,./final_images\BF18_HC_happy.jpg,i,61.74579089996405,correct,happy,black,female,20,200,220
59,ah,40,Danish,Male,./final_images\BF14_SO_sad.jpg,e,62.738345299847424,correct,sad,black,female,30,100,130
60,ah,40,Danish,Male,./final_images\WM11_NC_neutral.jpg,e,63.933871399844065,neutral,neutral,white,male,40,100,140
61,ah,40,Danish,Male,./final_images\WF10_SO_sad.jpg,e,64.71786909992807,correct,sad,white,female,30,100,130
62,ah,40,Danish,Male,./final_images\WF14_HC_happy.jpg,i,65.49274159991182,correct,happy,white,female,20,200,220
63,ah,40,Danish,Male,./final_images\BM13_HC_happy.jpg,i,67.02179829985835,correct,happy,black,male,20,200,220
64,ah,40,Danish,Male,./final_images\BM03_SC_sad.jpg,e,67.82092999992892,correct,sad,black,male,30,100,130
65,ah,40,Danish,Male,./final_images\WM01_NC_neutral.jpg,e,68.72477760002948,neutral,neutral,white,male,40,100,140
66,ah,40,Danish,Male,./final_images\WM06_HO_happy.jpg,i,69.56082349992357,correct,happy,white,male,20,200,220
67,ah,40,Danish,Male,./final_images\AF05_HO_happy.jpg,i,70.44184879981913,correct,happy,black,female,20,200,220
68,ah,40,Danish,Male,./final_images\WF03_NC_neutral.jpg,e,71.53785169986077,neutral,neutral,white,female,40,100,140
69,ah,40,Danish,Male,./final_images\BM09_NO_neutral.jpg,e,72.87489490001462,neutral,neutral,black,male,40,100,140
70,ah,40,Danish,Male,./final_images\AF02_HC_happy.jpg,i,73.8048298000358,correct,happy,black,female,20,200,220
71,ah,40,Danish,Male,./final_images\BF13_SO_sad.jpg,e,75.09779989998788,correct,sad,black,female,30,100,130
72,ah,40,Danish,Male,./final_images\WM10_SO_sad.jpg,e,76.27391959982924,correct,sad,white,male,30,100,130
73,ah,40,Danish,Male,./final_images\AM07_HO_happy.jpg,i,77.45485470001586,correct,happy,black,male,20,200,220
74,ah,40,Danish,Male,./final_images\WF01_NC_neutral.jpg,e,78.53183580003679,neutral,neutral,white,female,40,100,140
75,ah,40,Danish,Male,./final_images\BF10_NO_neutral.jpg,i,79.40479759988375,neutral,neutral,black,female,40,200,140
76,ah,40,Danish,Male,./final_images\AF08_SO_sad.jpg,i,80.29786759987473,incorrect,sad,black,female,30,200,50
77,ah,40,Danish,Male,./final_images\AF02_SC_sad.jpg,e,81.15585249988362,correct,sad,black,female,30,100,130
78,ah,40,Danish,Male,./final_images\BM16_NC_neutral.jpg,e,82.31178210000508,neutral,neutral,black,male,40,100,140
79,ah,40,Danish,Male,./final_images\BM11_NO_neutral.jpg,e,83.76878389995545,neutral,neutral,black,male,40,100,140
80,ah,40,Danish,Male,./final_images\WF08_HC_happy.jpg,i,84.83978349994868,correct,happy,white,female,20,200,220
81,ah,40,Danish,Male,./final_images\AF05_SC_sad.jpg,e,86.18877719994634,correct,sad,black,female,30,100,130
82,ah,40,Danish,Male,./final_images\WM10_NO_neutral.jpg,e,87.17977859987877,neutral,neutral,white,male,40,100,140
83,ah,40,Danish,Male,./final_images\WF02_HO_happy.jpg,i,87.89578379993327,correct,happy,white,female,20,200,220
84,ah,40,Danish,Male,./final_images\AM09_SO_sad.jpg,e,89.08785909996368,correct,sad,black,male,30,100,130
85,ah,40,Danish,Male,./final_images\WF01_SO_sad.jpg,e,89.91181720001623,correct,sad,white,female,30,100,130
86,ah,40,Danish,Male,./final_images\AF03_SC_sad.jpg,e,90.93387239985168,correct,sad,black,female,30,100,130
87,ah,40,Danish,Male,./final_images\AF11_SC_sad.jpg,e,91.60984149994329,correct,sad,black,female,30,100,130
88,ah,40,Danish,Male,./final_images\AM01_HC_happy.jpg,e,92.31980809988454,incorrect,happy,black,male,20,100,50
89,ah,40,Danish,Male,./final_images\BF07_HO_happy.jpg,i,93.08185349986888,correct,happy,black,female,20,200,220
90,ah,40,Danish,Male,./final_images\BM03_SO_sad.jpg,e,93.89585219998844,correct,sad,black,male,30,100,130
91,ah,40,Danish,Male,./final_images\WM09_HO_happy.jpg,i,94.63081699982285,correct,happy,white,male,20,200,220
92,ah,40,Danish,Male,./final_images\BF12_SO_sad.jpg,e,95.82377829984762,correct,sad,black,female,30,100,130
93,ah,40,Danish,Male,./final_images\BM11_SO_sad.jpg,e,96.83781079994515,correct,sad,black,male,30,100,130
94,ah,40,Danish,Male,./final_images\BM08_SC_sad.jpg,e,97.61191900004633,correct,sad,black,male,30,100,130
95,ah,40,Danish,Male,./final_images\BF05_HO_happy.jpg,i,98.43578499997966,correct,happy,black,female,20,200,220
96,ah,40,Danish,Male,./final_images\WM05_SO_sad.jpg,e,99.3838294998277,correct,sad,white,male,30,100,130
97,ah,40,Danish,Male,./final_images\BM17_SC_sad.jpg,e,100.3278421999421,correct,sad,black,male,30,100,130
98,ah,40,Danish,Male,./final_images\WF07_SC_sad.jpg,e,101.1858013998717,correct,sad,white,female,30,100,130
99,ah,40,Danish,Male,./final_images\WM03_HO_happy.jpg,i,102.00085279997438,correct,happy,white,male,20,200,220
100,ah,40,Danish,Male,./final_images\WM02_NC_neutral.jpg,e,102.80571869993582,neutral,neutral,white,male,40,100,140
101,ah,40,Danish,Male,./final_images\BF10_NC_neutral.jpg,e,103.81978669995442,neutral,neutral,black,female,40,100,140
102,ah,40,Danish,Male,./final_images\BF06_NO_neutral.jpg,i,106.76377359987237,neutral,neutral,black,female,40,200,140
103,ah,40,Danish,Male,./final_images\AF03_SO_sad.jpg,e,107.47378179989755,correct,sad,black,female,30,100,130
104,ah,40,Danish,Male,./final_images\BF13_SC_sad.jpg,e,108.43277419987135,correct,sad,black,female,30,100,130
105,ah,40,Danish,Male,./final_images\WF04_HC_happy.jpg,i,109.2707694999408,correct,happy,white,female,20,200,220
106,ah,40,Danish,Male,./final_images\BF14_HC_happy.jpg,i,109.91985379997641,correct,happy,black,female,20,200,220
107,ah,40,Danish,Male,./final_images\AF12_SC_sad.jpg,i,110.5787696999032,incorrect,sad,black,female,30,200,50
108,ah,40,Danish,Male,./final_images\BF20_HO_happy.jpg,i,111.57384139997885,correct,happy,black,female,20,200,220
109,ah,40,Danish,Male,./final_images\WM04_SO_sad.jpg,i,112.2687601998914,incorrect,sad,white,male,30,200,50
110,ah,40,Danish,Male,./final_images\WF01_SC_sad.jpg,e,113.17082419991493,correct,sad,white,female,30,100,130
111,ah,40,Danish,Male,./final_images\WM01_HO_happy.jpg,e,113.93188339984044,incorrect,happy,white,male,20,100,50
112,ah,40,Danish,Male,./final_images\BF18_HO_happy.jpg,i,114.96885429997928,correct,happy,black,female,20,200,220
113,ah,40,Danish,Male,./final_images\WF03_HO_happy.jpg,i,115.883820499992,correct,happy,white,female,20,200,220
114,ah,40,Danish,Male,./final_images\AF07_HC_happy.jpg,i,116.79581129993312,correct,happy,black,female,20,200,220
115,ah,40,Danish,Male,./final_images\WF02_NO_neutral.jpg,e,117.99983579991385,neutral,neutral,white,female,40,100,140
116,ah,40,Danish,Male,./final_images\BF05_NC_neutral.jpg,e,118.87678069993854,neutral,neutral,black,female,40,100,140
117,ah,40,Danish,Male,./final_images\BF01_SC_sad.jpg,e,119.87378929997794,correct,sad,black,female,30,100,130
118,ah,40,Danish,Male,./final_images\WM08_HO_happy.jpg,i,120.6697559999302,correct,happy,white,male,20,200,220
119,ah,40,Danish,Male,./final_images\BF12_HO_happy.jpg,i,121.51988709997386,correct,happy,black,female,20,200,220
120,ah,40,Danish,Male,./final_images\BM14_SC_sad.jpg,e,122.37279969989322,correct,sad,black,male,30,100,130
121,ah,40,Danish,Male,./final_images\WM07_SC_sad.jpg,e,123.18184329988435,correct,sad,white,male,30,100,130
122,ah,40,Danish,Male,./final_images\AF11_SO_sad.jpg,e,125.07576939999126,correct,sad,black,female,30,100,130
123,ah,40,Danish,Male,./final_images\WM13_SO_sad.jpg,e,125.8807238000445,correct,sad,white,male,30,100,130
124,ah,40,Danish,Male,./final_images\AF12_HC_happy.jpg,i,126.70277269999497,correct,happy,black,female,20,200,220
125,ah,40,Danish,Male,./final_images\BF16_SO_sad.jpg,e,128.5067481000442,correct,sad,black,female,30,100,130
126,ah,40,Danish,Male,./final_images\BF13_NC_neutral.jpg,e,129.3767690998502,neutral,neutral,black,female,40,100,140
127,ah,40,Danish,Male,./final_images\AF01_HO_happy.jpg,i,130.28985119983554,correct,happy,black,female,20,200,220
128,ah,40,Danish,Male,./final_images\BF04_NO_neutral.jpg,e,131.41686569992453,neutral,neutral,black,female,40,100,140
129,ah,40,Danish,Male,./final_images\BM18_SC_sad.jpg,e,132.6167703999672,correct,sad,black,male,30,100,130
130,ah,40,Danish,Male,./final_images\WF04_SO_sad.jpg,e,133.63680400000885,correct,sad,white,female,30,100,130
131,ah,40,Danish,Male,./final_images\WF12_NC_neutral.jpg,e,134.63674939982593,neutral,neutral,white,female,40,100,140
132,ah,40,Danish,Male,./final_images\WM07_HC_happy.jpg,i,135.48378019989468,correct,happy,white,male,20,200,220
133,ah,40,Danish,Male,./final_images\BM02_NO_neutral.jpg,e,136.57774930004962,neutral,neutral,black,male,40,100,140
134,ah,40,Danish,Male,./final_images\WM08_HC_happy.jpg,i,137.40377119998448,correct,happy,white,male,20,200,220
135,ah,40,Danish,Male,./final_images\BM13_NO_neutral.jpg,e,138.83376169996336,neutral,neutral,black,male,40,100,140
136,ah,40,Danish,Male,./final_images\BF08_HO_happy.jpg,i,139.52481239987537,correct,happy,black,female,20,200,220
137,ah,40,Danish,Male,./final_images\BM04_SC_sad.jpg,e,140.41578509984538,correct,sad,black,male,30,100,130
138,ah,40,Danish,Male,./final_images\BF15_HO_happy.jpg,i,141.2887522999663,correct,happy,black,female,20,200,220
139,ah,40,Danish,Male,./final_images\WM01_HC_happy.jpg,i,142.19879369996488,correct,happy,white,male,20,200,220
140,ah,40,Danish,Male,./final_images\BF08_NO_neutral.jpg,e,143.58883360004984,neutral,neutral,black,female,40,100,140
141,ah,40,Danish,Male,./final_images\WM12_HO_happy.jpg,i,144.67476189997979,correct,happy,white,male,20,200,220
142,ah,40,Danish,Male,./final_images\WF06_NC_neutral.jpg,i,146.47174159996212,neutral,neutral,white,female,40,200,140
143,ah,40,Danish,Male,./final_images\WF10_NC_neutral.jpg,e,148.3137938999571,neutral,neutral,white,female,40,100,140
144,ah,40,Danish,Male,./final_images\BF10_HC_happy.jpg,i,149.12080179993063,correct,happy,black,female,20,200,220
145,ah,40,Danish,Male,./final_images\WF05_SC_sad.jpg,e,149.99274459993467,correct,sad,white,female,30,100,130
146,ah,40,Danish,Male,./final_images\WM09_HC_happy.jpg,i,151.2217164998874,correct,happy,white,male,20,200,220
147,ah,40,Danish,Male,./final_images\AM02_HO_happy.jpg,i,152.45781870000064,correct,happy,black,male,20,200,220
148,ah,40,Danish,Male,./final_images\WF04_NC_neutral.jpg,i,153.36771070002578,neutral,neutral,white,female,40,200,140
149,ah,40,Danish,Male,./final_images\AM04_HC_happy.jpg,i,154.20572139997967,correct,happy,black,male,20,200,220
150,ah,40,Danish,Male,./final_images\WM03_HC_happy.jpg,i,156.25973899988458,correct,happy,white,male,20,200,220
151,ah,40,Danish,Male,./final_images\WM11_NO_neutral.jpg,e,157.3117414000444,neutral,neutral,white,male,40,100,140
152,ah,40,Danish,Male,./final_images\WF09_NC_neutral.jpg,i,159.0476650998462,neutral,neutral,white,female,40,200,140
153,ah,40,Danish,Male,./final_images\BF08_SC_sad.jpg,e,161.54279450001195,correct,sad,black,female,30,100,130
154,ah,40,Danish,Male,./final_images\BM02_HO_happy.jpg,i,162.28670830000192,correct,happy,black,male,20,200,220
155,ah,40,Danish,Male,./final_images\WF05_HO_happy.jpg,i,163.0797535998281,correct,happy,white,female,20,200,220
156,ah,40,Danish,Male,./final_images\BF12_SC_sad.jpg,i,164.55984689993784,incorrect,sad,black,female,30,200,50
157,ah,40,Danish,Male,./final_images\BM12_SO_sad.jpg,e,165.72585449996404,correct,sad,black,male,30,100,130
158,ah,40,Danish,Male,./final_images\BM09_HC_happy.jpg,i,166.7927166998852,correct,happy,black,male,20,200,220
159,ah,40,Danish,Male,./final_images\BM12_NO_neutral.jpg,i,168.25075099989772,neutral,neutral,black,male,40,200,140
160,ah,40,Danish,Male,./final_images\BM05_HC_happy.jpg,i,168.94086880004033,correct,happy,black,male,20,200,220
161,ah,40,Danish,Male,./final_images\WM08_NC_neutral.jpg,i,170.01570399990305,neutral,neutral,white,male,40,200,140
162,ah,40,Danish,Male,./final_images\BF17_HC_happy.jpg,i,170.70673039997928,correct,happy,black,female,20,200,220
163,ah,40,Danish,Male,./final_images\BF08_HC_happy.jpg,i,171.3256419999525,correct,happy,black,female,20,200,220
164,ah,40,Danish,Male,./final_images\BF17_HO_happy.jpg,i,172.00270619988441,correct,happy,black,female,20,200,220
165,ah,40,Danish,Male,./final_images\BM15_HO_happy.jpg,i,172.63070759992115,correct,happy,black,male,20,200,220
166,ah,40,Danish,Male,./final_images\WM05_SC_sad.jpg,e,173.3877846999094,correct,sad,white,male,30,100,130
167,ah,40,Danish,Male,./final_images\AM04_HO_happy.jpg,i,174.203734499868,correct,happy,black,male,20,200,220
168,ah,40,Danish,Male,./final_images\AF09_SC_sad.jpg,e,175.04972000000998,correct,sad,black,female,30,100,130
169,ah,40,Danish,Male,./final_images\BM17_NO_neutral.jpg,i,176.0126821999438,neutral,neutral,black,male,40,200,140
170,ah,40,Danish,Male,./final_images\WF01_HC_happy.jpg,i,176.75966329989024,correct,happy,white,female,20,200,220
171,ah,40,Danish,Male,./final_images\WF14_SC_sad.jpg,e,177.51479819999076,correct,sad,white,female,30,100,130
172,ah,40,Danish,Male,./final_images\WM08_SC_sad.jpg,e,178.5026666999329,correct,sad,white,male,30,100,130
173,ah,40,Danish,Male,./final_images\BF06_SC_sad.jpg,e,179.97987629985437,correct,sad,black,female,30,100,130
174,ah,40,Danish,Male,./final_images\WM13_SC_sad.jpg,e,180.9507150000427,correct,sad,white,male,30,100,130
175,ah,40,Danish,Male,./final_images\WF12_HC_happy.jpg,i,182.06371709983796,correct,happy,white,female,20,200,220
176,ah,40,Danish,Male,./final_images\BM18_SO_sad.jpg,e,182.91573659982532,correct,sad,black,male,30,100,130
177,ah,40,Danish,Male,./final_images\BF07_NC_neutral.jpg,e,184.31072309985757,neutral,neutral,black,female,40,100,140
178,ah,40,Danish,Male,./final_images\BM15_NC_neutral.jpg,e,185.9327285999898,neutral,neutral,black,male,40,100,140
179,ah,40,Danish,Male,./final_images\WM11_SO_sad.jpg,e,186.81872419989668,correct,sad,white,male,30,100,130
180,ah,40,Danish,Male,./final_images\AM08_HC_happy.jpg,i,188.24765579984523,correct,happy,black,male,20,200,220
181,ah,40,Danish,Male,./final_images\AF10_SO_sad.jpg,e,189.11663979990408,correct,sad,black,female,30,100,130
182,ah,40,Danish,Male,./final_images\AF08_HC_happy.jpg,i,189.94776479993016,correct,happy,black,female,20,200,220
183,ah,40,Danish,Male,./final_images\WF11_SC_sad.jpg,e,190.75171109987423,correct,sad,white,female,30,100,130
184,ah,40,Danish,Male,./final_images\BM18_NO_neutral.jpg,e,191.61275819991715,neutral,neutral,black,male,40,100,140
185,ah,40,Danish,Male,./final_images\WF13_HC_happy.jpg,i,192.47171969991177,correct,happy,white,female,20,200,220
186,ah,40,Danish,Male,./final_images\AF09_HC_happy.jpg,i,193.5056986999698,correct,happy,black,female,20,200,220
187,ah,40,Danish,Male,./final_images\WF05_NC_neutral.jpg,e,194.45775950001553,neutral,neutral,white,female,40,100,140
188,ah,40,Danish,Male,./final_images\WF13_SO_sad.jpg,e,195.28773789992556,correct,sad,white,female,30,100,130
189,ah,40,Danish,Male,./final_images\AF07_SO_sad.jpg,e,195.9727503999602,correct,sad,black,female,30,100,130
190,ah,40,Danish,Male,./final_images\BF01_SO_sad.jpg,e,196.70170159987174,correct,sad,black,female,30,100,130
191,ah,40,Danish,Male,./final_images\WF09_SC_sad.jpg,e,197.50570089998655,correct,sad,white,female,30,100,130
192,ah,40,Danish,Male,./final_images\BM11_SC_sad.jpg,e,199.15269949985668,correct,sad,black,male,30,100,130
193,ah,40,Danish,Male,./final_images\WM11_HO_happy.jpg,i,199.99066749983467,correct,happy,white,male,20,200,220
194,ah,40,Danish,Male,./final_images\BM04_HC_happy.jpg,i,200.8306762999855,correct,happy,black,male,20,200,220
195,ah,40,Danish,Male,./final_images\BM12_SC_sad.jpg,e,201.98567959992215,correct,sad,black,male,30,100,130
196,ah,40,Danish,Male,./final_images\BF02_SC_sad.jpg,e,202.75170629983768,correct,sad,black,female,30,100,130
197,ah,40,Danish,Male,./final_images\AF06_SO_sad.jpg,e,203.34778139996342,correct,sad,black,female,30,100,130
198,ah,40,Danish,Male,./final_images\WF03_SO_sad.jpg,e,204.4177919998765,correct,sad,white,female,30,100,130
199,ah,40,Danish,Male,./final_images\BM02_SC_sad.jpg,e,205.4797187000513,correct,sad,black,male,30,100,130
200,ah,40,Danish,Male,./final_images\AF05_HC_happy.jpg,i,206.52968559996225,correct,happy,black,female,20,200,220
201,ah,40,Danish,Male,./final_images\BF05_NO_neutral.jpg,e,207.51269289990887,neutral,neutral,black,female,40,100,140
202,ah,40,Danish,Male,./final_images\WF01_NO_neutral.jpg,e,208.33172829984687,neutral,neutral,white,female,40,100,140
203,ah,40,Danish,Male,./final_images\WF08_NC_neutral.jpg,e,209.80069579998963,neutral,neutral,white,female,40,100,140
204,ah,40,Danish,Male,./final_images\BM01_NO_neutral.jpg,e,210.73370029986836,neutral,neutral,black,male,40,100,140
205,ah,40,Danish,Male,./final_images\BM12_HO_happy.jpg,i,211.3867124998942,correct,happy,black,male,20,200,220
206,ah,40,Danish,Male,./final_images\WF11_NO_neutral.jpg,e,212.19670359999873,neutral,neutral,white,female,40,100,140
207,ah,40,Danish,Male,./final_images\WF07_NO_neutral.jpg,e,213.46270160004497,neutral,neutral,white,female,40,100,140
208,ah,40,Danish,Male,./final_images\WF10_HC_happy.jpg,i,214.11075440002605,correct,happy,white,female,20,200,220
209,ah,40,Danish,Male,./final_images\BF17_SO_sad.jpg,e,214.81966429995373,correct,sad,black,female,30,100,130
210,ah,40,Danish,Male,./final_images\BM08_HO_happy.jpg,i,215.57074550003745,correct,happy,black,male,20,200,220
211,ah,40,Danish,Male,./final_images\WF04_SC_sad.jpg,e,216.32769219996408,correct,sad,white,female,30,100,130
212,ah,40,Danish,Male,./final_images\AM05_HC_happy.jpg,i,217.27469290001318,correct,happy,black,male,20,200,220
213,ah,40,Danish,Male,./final_images\WF12_HO_happy.jpg,i,218.10869769984856,correct,happy,white,female,20,200,220
214,ah,40,Danish,Male,./final_images\AM11_HC_happy.jpg,i,219.23867590003647,correct,happy,black,male,20,200,220
215,ah,40,Danish,Male,./final_images\AF03_HO_happy.jpg,i,219.9846989000216,correct,happy,black,female,20,200,220
216,ah,40,Danish,Male,./final_images\BM13_HO_happy.jpg,i,220.6127104999032,correct,happy,black,male,20,200,220
217,ah,40,Danish,Male,./final_images\BF13_NO_neutral.jpg,e,221.65767599991523,neutral,neutral,black,female,40,100,140
218,ah,40,Danish,Male,./final_images\AM04_SO_sad.jpg,e,222.7347168000415,correct,sad,black,male,30,100,130
219,ah,40,Danish,Male,./final_images\WM12_NO_neutral.jpg,e,223.63872529985383,neutral,neutral,white,male,40,100,140
220,ah,40,Danish,Male,./final_images\BF10_HO_happy.jpg,i,224.35472209984437,correct,happy,black,female,20,200,220
221,ah,40,Danish,Male,./final_images\BM09_SO_sad.jpg,e,225.47669469984248,correct,sad,black,male,30,100,130
222,ah,40,Danish,Male,./final_images\WM12_SC_sad.jpg,e,226.328647099901,correct,sad,white,male,30,100,130
223,ah,40,Danish,Male,./final_images\WM07_NC_neutral.jpg,e,229.80064799985848,neutral,neutral,white,male,40,100,140
224,ah,40,Danish,Male,./final_images\BM08_SO_sad.jpg,i,230.61470869998448,incorrect,sad,black,male,30,200,50
225,ah,40,Danish,Male,./final_images\BM11_NC_neutral.jpg,e,231.86564299999736,neutral,neutral,black,male,40,100,140
226,ah,40,Danish,Male,./final_images\AM03_SC_sad.jpg,e,232.6687632999383,correct,sad,black,male,30,100,130
227,ah,40,Danish,Male,./final_images\BF04_HO_happy.jpg,i,233.61264689988457,correct,happy,black,female,20,200,220
228,ah,40,Danish,Male,./final_images\WM06_HC_happy.jpg,i,234.58777639991604,correct,happy,white,male,20,200,220
229,ah,40,Danish,Male,./final_images\BM09_SC_sad.jpg,e,235.56368330004625,correct,sad,black,male,30,100,130
230,ah,40,Danish,Male,./final_images\BM06_NC_neutral.jpg,i,236.6427604998462,neutral,neutral,black,male,40,200,140
231,ah,40,Danish,Male,./final_images\AM10_HC_happy.jpg,i,237.5816758000292,correct,happy,black,male,20,200,220
232,ah,40,Danish,Male,./final_images\WM04_NC_neutral.jpg,i,241.93661429989152,neutral,neutral,white,male,40,200,140
233,ah,40,Danish,Male,./final_images\WF15_NO_neutral.jpg,e,243.0586756998673,neutral,neutral,white,female,40,100,140
234,ah,40,Danish,Male,./final_images\BF04_SO_sad.jpg,e,243.98666869988665,correct,sad,black,female,30,100,130
235,ah,40,Danish,Male,./final_images\AM09_SC_sad.jpg,e,244.90064759994857,correct,sad,black,male,30,100,130
236,ah,40,Danish,Male,./final_images\WM01_SO_sad.jpg,e,246.4647007000167,correct,sad,white,male,30,100,130
237,ah,40,Danish,Male,./final_images\WF13_NO_neutral.jpg,e,247.48865049984306,neutral,neutral,white,female,40,100,140
238,ah,40,Danish,Male,./final_images\AF11_HO_happy.jpg,i,248.2315995998215,correct,happy,black,female,20,200,220
239,ah,40,Danish,Male,./final_images\BM18_HC_happy.jpg,i,249.0075741999317,correct,happy,black,male,20,200,220
240,ah,40,Danish,Male,./final_images\BM13_SC_sad.jpg,e,250.0146196000278,correct,sad,black,male,30,100,130
241,ah,40,Danish,Male,./final_images\WF06_SC_sad.jpg,e,250.84574459982105,correct,sad,white,female,30,100,130
242,ah,40,Danish,Male,./final_images\AF08_SC_sad.jpg,e,251.88269889983349,correct,sad,black,female,30,100,130
243,ah,40,Danish,Male,./final_images\AM08_HO_happy.jpg,i,252.72468019998632,correct,happy,black,male,20,200,220
244,ah,40,Danish,Male,./final_images\BF17_SC_sad.jpg,e,255.04563779989257,correct,sad,black,female,30,100,130
245,ah,40,Danish,Male,./final_images\WM09_NC_neutral.jpg,e,255.85563019989058,neutral,neutral,white,male,40,100,140
246,ah,40,Danish,Male,./final_images\AM07_HC_happy.jpg,i,256.64059609989636,correct,happy,black,male,20,200,220
247,ah,40,Danish,Male,./final_images\WM06_SC_sad.jpg,e,257.44360059988685,correct,sad,white,male,30,100,130
248,ah,40,Danish,Male,./final_images\AF01_HC_happy.jpg,i,258.1906488998793,correct,happy,black,female,20,200,220
249,ah,40,Danish,Male,./final_images\AM10_SC_sad.jpg,e,259.0806156999897,correct,sad,black,male,30,100,130
250,ah,40,Danish,Male,./final_images\WF07_NC_neutral.jpg,e,260.3976506998297,neutral,neutral,white,female,40,100,140
251,ah,40,Danish,Male,./final_images\BF18_SC_sad.jpg,e,261.0866533999797,correct,sad,black,female,30,100,130
252,ah,40,Danish,Male,./final_images\AM05_SC_sad.jpg,e,261.98560549994,correct,sad,black,male,30,100,130
253,ah,40,Danish,Male,./final_images\BF06_HO_happy.jpg,i,262.70059289992787,correct,happy,black,female,20,200,220
254,ah,40,Danish,Male,./final_images\BM06_NO_neutral.jpg,i,264.18271289998665,neutral,neutral,black,male,40,200,140
255,ah,40,Danish,Male,./final_images\WM01_SC_sad.jpg,e,264.90764259989373,correct,sad,white,male,30,100,130
256,ah,40,Danish,Male,./final_images\AF10_HO_happy.jpg,i,265.586671799887,correct,happy,black,female,20,200,220
257,ah,40,Danish,Male,./final_images\BF10_SO_sad.jpg,e,266.5556164998561,correct,sad,black,female,30,100,130
258,ah,40,Danish,Male,./final_images\BF19_SO_sad.jpg,e,267.37768569984473,correct,sad,black,female,30,100,130
259,ah,40,Danish,Male,./final_images\AM6_SO_sad.jpg,e,268.06570589984767,correct,sad,black,male,30,100,130
260,ah,40,Danish,Male,./final_images\WM08_NO_neutral.jpg,e,269.7466655999888,neutral,neutral,white,male,40,100,140
261,ah,40,Danish,Male,./final_images\BF16_NO_neutral.jpg,i,272.560591599904,neutral,neutral,black,female,40,200,140
262,ah,40,Danish,Male,./final_images\BF14_SC_sad.jpg,e,273.33863379992545,correct,sad,black,female,30,100,130
263,ah,40,Danish,Male,./final_images\WF02_SO_sad.jpg,e,274.1656473998446,correct,sad,white,female,30,100,130
264,ah,40,Danish,Male,./final_images\AM03_HO_happy.jpg,i,274.92766119982116,correct,happy,black,male,20,200,220
265,ah,40,Danish,Male,./final_images\AM03_SO_sad.jpg,e,275.8577099000104,correct,sad,black,male,30,100,130
266,ah,40,Danish,Male,./final_images\WM05_HC_happy.jpg,i,276.7616353998892,correct,happy,white,male,20,200,220
267,ah,40,Danish,Male,./final_images\WF06_HC_happy.jpg,i,278.46977699990384,correct,happy,white,female,20,200,220
268,ah,40,Danish,Male,./final_images\BF18_SO_sad.jpg,e,279.3026035998482,correct,sad,black,female,30,100,130
269,ah,40,Danish,Male,./final_images\BF16_HO_happy.jpg,i,280.2356053998228,correct,happy,black,female,20,200,220
270,ah,40,Danish,Male,./final_images\BM13_NC_neutral.jpg,i,281.32965239998884,neutral,neutral,black,male,40,200,140
271,ah,40,Danish,Male,./final_images\BM15_SC_sad.jpg,e,282.23967589996755,correct,sad,black,male,30,100,130
272,ah,40,Danish,Male,./final_images\WM07_SO_sad.jpg,e,283.16360990004614,correct,sad,white,male,30,100,130
273,ah,40,Danish,Male,./final_images\BM03_HC_happy.jpg,i,284.2176321998704,correct,happy,black,male,20,200,220
274,ah,40,Danish,Male,./final_images\BF19_HO_happy.jpg,i,284.9066200000234,correct,happy,black,female,20,200,220
275,ah,40,Danish,Male,./final_images\WF03_SC_sad.jpg,e,285.72558069997467,correct,sad,white,female,30,100,130
276,ah,40,Danish,Male,./final_images\BM13_SO_sad.jpg,e,287.78759590000845,correct,sad,black,male,30,100,130
277,ah,40,Danish,Male,./final_images\BF02_SO_sad.jpg,e,288.5295813998673,correct,sad,black,female,30,100,130
278,ah,40,Danish,Male,./final_images\BF05_SO_sad.jpg,e,289.94362699985504,correct,sad,black,female,30,100,130
279,ah,40,Danish,Male,./final_images\BF19_NO_neutral.jpg,e,290.62863079993986,neutral,neutral,black,female,40,100,140
280,ah,40,Danish,Male,./final_images\BM15_SO_sad.jpg,e,291.33660409995355,correct,sad,black,male,30,100,130
281,ah,40,Danish,Male,./final_images\BF20_HC_happy.jpg,e,292.0856743999757,incorrect,happy,black,female,20,100,50
282,ah,40,Danish,Male,./final_images\BF12_HC_happy.jpg,i,293.5986732998863,correct,happy,black,female,20,200,220
283,ah,40,Danish,Male,./final_images\AM02_HC_happy.jpg,i,294.5296149998903,correct,happy,black,male,20,200,220
284,ah,40,Danish,Male,./final_images\WF11_HO_happy.jpg,i,295.54960879986174,correct,happy,white,female,20,200,220
285,ah,40,Danish,Male,./final_images\WF15_HC_happy.jpg,i,296.3105265998747,correct,happy,white,female,20,200,220
286,ah,40,Danish,Male,./final_images\BM04_NC_neutral.jpg,i,297.37066849996336,neutral,neutral,black,male,40,200,140
287,ah,40,Danish,Male,./final_images\BF17_NO_neutral.jpg,e,300.4906205998268,neutral,neutral,black,female,40,100,140
288,ah,40,Danish,Male,./final_images\AM05_HO_happy.jpg,i,301.27763389982283,correct,happy,black,male,20,200,220
289,ah,40,Danish,Male,./final_images\AM07_SC_sad.jpg,e,302.07070769998245,correct,sad,black,male,30,100,130
290,ah,40,Danish,Male,./final_images\BF18_NO_neutral.jpg,e,302.94166040001437,neutral,neutral,black,female,40,100,140
291,ah,40,Danish,Male,./final_images\WF05_NO_neutral.jpg,e,303.6376115998719,neutral,neutral,white,female,40,100,140
292,ah,40,Danish,Male,./final_images\BF02_NO_neutral.jpg,e,304.39466800005175,neutral,neutral,black,female,40,100,140
293,ah,40,Danish,Male,./final_images\AM09_HO_happy.jpg,i,305.159612899879,correct,happy,black,male,20,200,220
294,ah,40,Danish,Male,./final_images\WM09_SO_sad.jpg,e,306.0617446999531,correct,sad,white,male,30,100,130
295,ah,40,Danish,Male,./final_images\BF03_HO_happy.jpg,i,306.8686070998665,correct,happy,black,female,20,200,220
296,ah,40,Danish,Male,./final_images\WF09_HC_happy.jpg,i,307.60948969982564,correct,happy,white,female,20,200,220
297,ah,40,Danish,Male,./final_images\WF12_SC_sad.jpg,e,308.56759190000594,correct,sad,white,female,30,100,130
298,ah,40,Danish,Male,./final_images\WM04_SC_sad.jpg,e,309.37761839991435,correct,sad,white,male,30,100,130
299,ah,40,Danish,Male,./final_images\AF09_SO_sad.jpg,e,310.11158309993334,correct,sad,black,female,30,100,130
300,ah,40,Danish,Male,./final_images\BM16_NO_neutral.jpg,e,311.32157939998433,neutral,neutral,black,male,40,100,140
301,ah,40,Danish,Male,./final_images\BF14_NC_neutral.jpg,e,312.2106243998278,neutral,neutral,black,female,40,100,140
302,ah,40,Danish,Male,./final_images\WF03_HC_happy.jpg,i,313.1666598999873,correct,happy,white,female,20,200,220
303,ah,40,Danish,Male,./final_images\BF18_NC_neutral.jpg,e,314.66353839985095,neutral,neutral,black,female,40,100,140
304,ah,40,Danish,Male,./final_images\AF10_SC_sad.jpg,e,315.8676336000208,correct,sad,black,female,30,100,130
305,ah,40,Danish,Male,./final_images\AF12_SO_sad.jpg,e,316.83162359986454,correct,sad,black,female,30,100,130
306,ah,40,Danish,Male,./final_images\BF14_HO_happy.jpg,i,317.67154400004074,correct,happy,black,female,20,200,220
307,ah,40,Danish,Male,./final_images\AF10_HC_happy.jpg,i,318.37575629982166,correct,happy,black,female,20,200,220
308,ah,40,Danish,Male,./final_images\WM06_SO_sad.jpg,i,319.0566079998389,incorrect,sad,white,male,30,200,50
309,ah,40,Danish,Male,./final_images\BM08_NC_neutral.jpg,e,320.3326220000163,neutral,neutral,black,male,40,100,140
310,ah,40,Danish,Male,./final_images\AM04_SC_sad.jpg,e,321.0816142000258,correct,sad,black,male,30,100,130
311,ah,40,Danish,Male,./final_images\BM09_NC_neutral.jpg,e,321.7725819000043,neutral,neutral,black,male,40,100,140
312,ah,40,Danish,Male,./final_images\BF07_SC_sad.jpg,e,322.46861270000227,correct,sad,black,female,30,100,130
313,ah,40,Danish,Male,./final_images\WF09_SO_sad.jpg,e,323.1305394999217,correct,sad,white,female,30,100,130
314,ah,40,Danish,Male,./final_images\BM18_HO_happy.jpg,i,323.87863309984095,correct,happy,black,male,20,200,220
315,ah,40,Danish,Male,./final_images\BF14_NO_neutral.jpg,e,324.83055399986915,neutral,neutral,black,female,40,100,140
316,ah,40,Danish,Male,./final_images\BF04_NC_neutral.jpg,i,325.70063899992965,neutral,neutral,black,female,40,200,140
317,ah,40,Danish,Male,./final_images\BF06_SO_sad.jpg,e,326.4536069999449,correct,sad,black,female,30,100,130
318,ah,40,Danish,Male,./final_images\BM06_HC_happy.jpg,i,327.11267829989083,correct,happy,black,male,20,200,220
319,ah,40,Danish,Male,./final_images\WF02_SC_sad.jpg,e,328.018576100003,correct,sad,white,female,30,100,130
320,ah,40,Danish,Male,./final_images\AM11_SO_sad.jpg,e,328.6965887998231,correct,sad,black,male,30,100,130
321,ah,40,Danish,Male,./final_images\WM13_NC_neutral.jpg,e,329.3135801998433,neutral,neutral,white,male,40,100,140
322,ah,40,Danish,Male,./final_images\BF12_NO_neutral.jpg,e,329.9965778000187,neutral,neutral,black,female,40,100,140
323,ah,40,Danish,Male,./final_images\WF13_NC_neutral.jpg,e,331.78555709985085,neutral,neutral,white,female,40,100,140
324,ah,40,Danish,Male,./final_images\BM17_SO_sad.jpg,e,332.58258989988826,correct,sad,black,male,30,100,130
325,ah,40,Danish,Male,./final_images\BM16_SO_sad.jpg,e,333.54562929994427,correct,sad,black,male,30,100,130
326,ah,40,Danish,Male,./final_images\WM09_NO_neutral.jpg,e,334.17955520004034,neutral,neutral,white,male,40,100,140
327,ah,40,Danish,Male,./final_images\AM6_SC_sad.jpg,e,335.1145657999441,correct,sad,black,male,30,100,130
328,ah,40,Danish,Male,./final_images\WF10_HO_happy.jpg,i,335.9036350999959,correct,happy,white,female,20,200,220
329,ah,40,Danish,Male,./final_images\AM01_HO_happy.jpg,i,336.7436688998714,correct,happy,black,male,20,200,220
330,ah,40,Danish,Male,./final_images\BM17_HC_happy.jpg,i,337.44954949989915,correct,happy,black,male,20,200,220
331,ah,40,Danish,Male,./final_images\WF05_SO_sad.jpg,e,338.1815626998432,correct,sad,white,female,30,100,130
332,ah,40,Danish,Male,./final_images\WM03_NO_neutral.jpg,e,339.23955819988623,neutral,neutral,white,male,40,100,140
333,ah,40,Danish,Male,./final_images\WF08_NO_neutral.jpg,e,340.19950779993087,neutral,neutral,white,female,40,100,140
334,ah,40,Danish,Male,./final_images\AF09_HO_happy.jpg,e,340.9415947999805,incorrect,happy,black,female,20,100,50
335,ah,40,Danish,Male,./final_images\WM01_NO_neutral.jpg,e,342.10563749982975,neutral,neutral,white,male,40,100,140
336,ah,40,Danish,Male,./final_images\BF02_HC_happy.jpg,i,343.30960109992884,correct,happy,black,female,20,200,220
337,ah,40,Danish,Male,./final_images\WF05_HC_happy.jpg,i,343.9286253999453,correct,happy,white,female,20,200,220
338,ah,40,Danish,Male,./final_images\AM03_HC_happy.jpg,i,344.5775587998796,correct,happy,black,male,20,200,220
339,ah,40,Danish,Male,./final_images\WM05_HO_happy.jpg,i,345.30969789996743,correct,happy,white,male,20,200,220
340,ah,40,Danish,Male,./final_images\WM06_NC_neutral.jpg,e,346.32060520001687,neutral,neutral,white,male,40,100,140
341,ah,40,Danish,Male,./final_images\BM08_NO_neutral.jpg,e,347.2077066998463,neutral,neutral,black,male,40,100,140
342,ah,40,Danish,Male,./final_images\BF07_HC_happy.jpg,i,348.0385441998951,correct,happy,black,female,20,200,220
343,ah,40,Danish,Male,./final_images\WF11_SO_sad.jpg,e,348.8594714999199,correct,sad,white,female,30,100,130
344,ah,40,Danish,Male,./final_images\WF15_HO_happy.jpg,i,349.77958309999667,correct,happy,white,female,20,200,220
345,ah,40,Danish,Male,./final_images\BF07_NO_neutral.jpg,e,350.6005698000081,neutral,neutral,black,female,40,100,140
346,ah,40,Danish,Male,./final_images\BF20_SO_sad.jpg,e,351.4014883998316,correct,sad,black,female,30,100,130
347,ah,40,Danish,Male,./final_images\AF12_HO_happy.jpg,i,352.26256669987924,correct,happy,black,female,20,200,220
348,ah,40,Danish,Male,./final_images\BF16_HC_happy.jpg,i,353.0135083999485,correct,happy,black,female,20,200,220
349,ah,40,Danish,Male,./final_images\BM02_NC_neutral.jpg,i,354.1285260999575,neutral,neutral,black,male,40,200,140
350,ah,40,Danish,Male,./final_images\BM14_NC_neutral.jpg,i,354.9305471999105,neutral,neutral,black,male,40,200,140
351,ah,40,Danish,Male,./final_images\BM16_HO_happy.jpg,i,355.7006248999387,correct,happy,black,male,20,200,220
352,ah,40,Danish,Male,./final_images\AM07_SO_sad.jpg,e,356.47653129999526,correct,sad,black,male,30,100,130
353,ah,40,Danish,Male,./final_images\WM06_NO_neutral.jpg,i,357.59554959996603,neutral,neutral,white,male,40,200,140
354,ah,40,Danish,Male,./final_images\WF03_NO_neutral.jpg,e,358.5265030998271,neutral,neutral,white,female,40,100,140
355,ah,40,Danish,Male,./final_images\BM05_SO_sad.jpg,e,359.40462039993145,correct,sad,black,male,30,100,130
356,ah,40,Danish,Male,./final_images\WF13_SC_sad.jpg,e,360.6466395999305,correct,sad,white,female,30,100,130
357,ah,40,Danish,Male,./final_images\WF08_SO_sad.jpg,e,361.6705515999347,correct,sad,white,female,30,100,130
358,ah,40,Danish,Male,./final_images\BF06_HC_happy.jpg,i,362.4695917000063,correct,happy,black,female,20,200,220
359,ah,40,Danish,Male,./final_images\WF04_HO_happy.jpg,i,363.40061889984645,correct,happy,white,female,20,200,220
360,ah,40,Danish,Male,./final_images\BF15_SC_sad.jpg,e,364.1785875998903,correct,sad,black,female,30,100,130
361,ah,40,Danish,Male,./final_images\WF04_NO_neutral.jpg,i,365.5395386000164,neutral,neutral,white,female,40,200,140
362,ah,40,Danish,Male,./final_images\BM05_HO_happy.jpg,i,370.28455380001105,correct,happy,black,male,20,200,220
363,ah,40,Danish,Male,./final_images\WF07_HC_happy.jpg,i,371.3365291999653,correct,happy,white,female,20,200,220
364,ah,40,Danish,Male,./final_images\WM08_SO_sad.jpg,e,372.17253949982114,correct,sad,white,male,30,100,130
365,ah,40,Danish,Male,./final_images\AF05_SO_sad.jpg,e,372.99448750005104,correct,sad,black,female,30,100,130
366,ah,40,Danish,Male,./final_images\BF15_NC_neutral.jpg,e,373.84261559997685,neutral,neutral,black,female,40,100,140
367,ah,40,Danish,Male,./final_images\BF03_HC_happy.jpg,i,374.57451149984263,correct,happy,black,female,20,200,220
368,ah,40,Danish,Male,./final_images\BM14_HC_happy.jpg,i,376.3065947999712,correct,happy,black,male,20,200,220
369,ah,40,Danish,Male,./final_images\BM17_HO_happy.jpg,i,376.9805870000273,correct,happy,black,male,20,200,220
370,ah,40,Danish,Male,./final_images\AM08_SO_sad.jpg,e,378.18052149983123,correct,sad,black,male,30,100,130
371,ah,40,Danish,Male,./final_images\BM14_SO_sad.jpg,e,379.1925812999252,correct,sad,black,male,30,100,130
372,ah,40,Danish,Male,./final_images\BF01_NC_neutral.jpg,e,379.9405326000415,neutral,neutral,black,female,40,100,140
373,ah,40,Danish,Male,./final_images\BF05_HC_happy.jpg,i,380.9075869000517,correct,happy,black,female,20,200,220
374,ah,40,Danish,Male,./final_images\WM12_SO_sad.jpg,e,381.67252629995346,correct,sad,white,male,30,100,130
375,ah,40,Danish,Male,./final_images\BM06_SO_sad.jpg,i,382.44854080001824,incorrect,sad,black,male,30,200,50
376,ah,40,Danish,Male,./final_images\WM12_HC_happy.jpg,i,383.46849759994075,correct,happy,white,male,20,200,220
377,ah,40,Danish,Male,./final_images\BM16_SC_sad.jpg,e,384.37851229985245,correct,sad,black,male,30,100,130
378,ah,40,Danish,Male,./final_images\AF07_SC_sad.jpg,e,385.13153319992125,correct,sad,black,female,30,100,130
379,ah,40,Danish,Male,./final_images\BF01_HC_happy.jpg,i,385.90055629983544,correct,happy,black,female,20,200,220
380,ah,40,Danish,Male,./final_images\WM13_HO_happy.jpg,i,386.723574699834,correct,happy,white,male,20,200,220
381,ah,40,Danish,Male,./final_images\BM17_NC_neutral.jpg,i,387.94252429995686,neutral,neutral,black,male,40,200,140
382,ah,40,Danish,Male,./final_images\BM01_HC_happy.jpg,i,388.7294819999952,correct,happy,black,male,20,200,220
383,ah,40,Danish,Male,./final_images\BF01_NO_neutral.jpg,e,389.51156409992836,neutral,neutral,black,female,40,100,140
384,ah,40,Danish,Male,./final_images\BM18_NC_neutral.jpg,e,390.1995136998594,neutral,neutral,black,male,40,100,140
385,ah,40,Danish,Male,./final_images\BF13_HO_happy.jpg,i,390.89850490004756,correct,happy,black,female,20,200,220
386,ah,40,Danish,Male,./final_images\BF20_SC_sad.jpg,i,391.6455159999896,incorrect,sad,black,female,30,200,50
387,ah,40,Danish,Male,./final_images\BF04_HC_happy.jpg,i,392.4785237000324,correct,happy,black,female,20,200,220
388,ah,40,Danish,Male,./final_images\WM11_HC_happy.jpg,i,393.2295162999071,correct,happy,white,male,20,200,220
389,ah,40,Danish,Male,./final_images\BF06_NC_neutral.jpg,i,393.94851919985376,neutral,neutral,black,female,40,200,140
390,ah,40,Danish,Male,./final_images\BM12_NC_neutral.jpg,e,395.3055155000184,neutral,neutral,black,male,40,100,140
391,ah,40,Danish,Male,./final_images\BF03_SO_sad.jpg,e,396.1155532000121,correct,sad,black,female,30,100,130
392,ah,40,Danish,Male,./final_images\BM11_HO_happy.jpg,i,396.9764457999263,correct,happy,black,male,20,200,220
393,ah,40,Danish,Male,./final_images\WM02_HC_happy.jpg,i,397.75455289985985,correct,happy,white,male,20,200,220
394,ah,40,Danish,Male,./final_images\WM07_HO_happy.jpg,i,398.51155869988725,correct,happy,white,male,20,200,220
395,ah,40,Danish,Male,./final_images\AM02_SO_sad.jpg,e,399.56751629989594,correct,sad,black,male,30,100,130
396,ah,40,Danish,Male,./final_images\BM05_NC_neutral.jpg,i,400.4925257000141,neutral,neutral,black,male,40,200,140
397,ah,40,Danish,Male,./final_images\AF06_SC_sad.jpg,e,401.3255084999837,correct,sad,black,female,30,100,130
398,ah,40,Danish,Male,./final_images\WM02_HO_happy.jpg,i,402.1425103000365,correct,happy,white,male,20,200,220
399,ah,40,Danish,Male,./final_images\WM03_SC_sad.jpg,e,403.083642099984,correct,sad,white,male,30,100,130
400,ah,40,Danish,Male,./final_images\BM02_SO_sad.jpg,e,403.9615956998896,correct,sad,black,male,30,100,130
401,ah,40,Danish,Male,./final_images\BM04_NO_neutral.jpg,i,405.47551349992864,neutral,neutral,black,male,40,200,140
402,ah,40,Danish,Male,./final_images\BF12_NC_neutral.jpg,i,406.2765732000116,neutral,neutral,black,female,40,200,140
403,ah,40,Danish,Male,./final_images\WF15_SO_sad.jpg,e,406.95964529993944,correct,sad,white,female,30,100,130
404,ah,40,Danish,Male,./final_images\BF15_SO_sad.jpg,e,407.58746770001017,correct,sad,black,female,30,100,130
405,ah,40,Danish,Male,./final_images\AM10_SO_sad.jpg,e,408.1895091999322,correct,sad,black,male,30,100,130
406,ah,40,Danish,Male,./final_images\BM15_NO_neutral.jpg,e,408.82159639988095,neutral,neutral,black,male,40,100,140
407,ah,40,Danish,Male,./final_images\BF20_NC_neutral.jpg,e,410.0814665998332,neutral,neutral,black,female,40,100,140
408,ah,40,Danish,Male,./final_images\AF06_HO_happy.jpg,e,410.82350559998304,incorrect,happy,black,female,20,100,50
409,ah,40,Danish,Male,./final_images\WM05_NO_neutral.jpg,e,412.0784364999272,neutral,neutral,white,male,40,100,140
410,ah,40,Danish,Male,./final_images\WF06_SO_sad.jpg,e,412.7615072999615,correct,sad,white,female,30,100,130
411,ah,40,Danish,Male,./final_images\BF08_NC_neutral.jpg,e,413.6585373999551,neutral,neutral,black,female,40,100,140
412,ah,40,Danish,Male,./final_images\BF19_HC_happy.jpg,i,414.28153619985096,correct,happy,black,female,20,200,220
413,ah,40,Danish,Male,./final_images\BM02_HC_happy.jpg,i,415.08956059999764,correct,happy,black,male,20,200,220
414,ah,40,Danish,Male,./final_images\WM04_NO_neutral.jpg,i,416.4354748998303,neutral,neutral,white,male,40,200,140
415,ah,40,Danish,Male,./final_images\WF02_HC_happy.jpg,e,417.6104589998722,incorrect,happy,white,female,20,100,50
416,ah,40,Danish,Male,./final_images\WM02_SC_sad.jpg,e,418.4244878999889,correct,sad,white,male,30,100,130
417,ah,40,Danish,Male,./final_images\AF02_HO_happy.jpg,i,419.18552810000256,correct,happy,black,female,20,200,220
418,ah,40,Danish,Male,./final_images\BF16_SC_sad.jpg,e,420.220457599964,correct,sad,black,female,30,100,130
419,ah,40,Danish,Male,./final_images\BM08_HC_happy.jpg,i,421.411434300011,correct,happy,black,male,20,200,220
420,ah,40,Danish,Male,./final_images\WF09_HO_happy.jpg,i,422.4864941998385,correct,happy,white,female,20,200,220
421,ah,40,Danish,Male,./final_images\WF14_NC_neutral.jpg,e,423.50446419999935,neutral,neutral,white,female,40,100,140
422,ah,40,Danish,Male,./final_images\WM11_SC_sad.jpg,e,424.55455309990793,correct,sad,white,male,30,100,130
423,ah,40,Danish,Male,./final_images\AM01_SC_sad.jpg,i,429.75650569982827,incorrect,sad,black,male,30,200,50
424,ah,40,Danish,Male,./final_images\WM04_HO_happy.jpg,i,430.6035068000201,correct,happy,white,male,20,200,220
425,ah,40,Danish,Male,./final_images\BM09_HO_happy.jpg,i,431.39357719989493,correct,happy,black,male,20,200,220
426,ah,40,Danish,Male,./final_images\WF06_NO_neutral.jpg,i,432.4415454999544,neutral,neutral,white,female,40,200,140
427,ah,40,Danish,Male,./final_images\WF13_HO_happy.jpg,i,433.38544730003923,correct,happy,white,female,20,200,220
428,ah,40,Danish,Male,./final_images\WF08_HO_happy.jpg,i,434.16950930003077,correct,happy,white,female,20,200,220
429,ah,40,Danish,Male,./final_images\BF15_NO_neutral.jpg,e,435.166478500003,neutral,neutral,black,female,40,100,140
430,ah,40,Danish,Male,./final_images\WF07_HO_happy.jpg,i,436.1075138000306,correct,happy,white,female,20,200,220
431,ah,40,Danish,Male,./final_images\BF19_SC_sad.jpg,e,437.2125438998919,correct,sad,black,female,30,100,130
432,ah,40,Danish,Male,./final_images\WM05_NC_neutral.jpg,e,438.0354605000466,neutral,neutral,white,male,40,100,140
433,ah,40,Danish,Male,./final_images\BM01_HO_happy.jpg,i,438.8244904000312,correct,happy,black,male,20,200,220
434,ah,40,Danish,Male,./final_images\BM01_SC_sad.jpg,e,439.77839770005085,correct,sad,black,male,30,100,130
435,ah,40,Danish,Male,./final_images\AF01_SC_sad.jpg,e,440.62055259989575,correct,sad,black,female,30,100,130
436,ah,40,Danish,Male,./final_images\BF20_NO_neutral.jpg,e,441.4005034000147,neutral,neutral,black,female,40,100,140
437,ah,40,Danish,Male,./final_images\WF07_SO_sad.jpg,e,442.1744454000145,correct,sad,white,female,30,100,130
438,ah,40,Danish,Male,./final_images\AM05_SO_sad.jpg,e,442.80250269989483,correct,sad,black,male,30,100,130
439,ah,40,Danish,Male,./final_images\AF06_HC_happy.jpg,i,443.65349499997683,correct,happy,black,female,20,200,220
440,ah,40,Danish,Male,./final_images\BM06_SC_sad.jpg,i,445.02846229984425,incorrect,sad,black,male,30,200,50
441,ah,40,Danish,Male,./final_images\AM6_HC_happy.jpg,i,445.90943349990994,correct,happy,black,male,20,200,220
442,ah,40,Danish,Male,./final_images\WF08_SC_sad.jpg,e,447.0665194999892,correct,sad,white,female,30,100,130
443,ah,40,Danish,Male,./final_images\AM09_HC_happy.jpg,i,447.85744109982625,correct,happy,black,male,20,200,220
444,ah,40,Danish,Male,./final_images\WM13_NO_neutral.jpg,e,448.580364999827,neutral,neutral,white,male,40,100,140
445,ah,40,Danish,Male,./final_images\WF12_SO_sad.jpg,e,450.1414289998356,correct,sad,white,female,30,100,130
446,ah,40,Danish,Male,./final_images\BF02_HO_happy.jpg,i,450.953459299868,correct,happy,black,female,20,200,220
447,ah,40,Danish,Male,./final_images\AM01_SO_sad.jpg,e,451.9035354000516,correct,sad,black,male,30,100,130
448,ah,40,Danish,Male,./final_images\WM03_SO_sad.jpg,e,453.4804203999229,correct,sad,white,male,30,100,130
449,ah,40,Danish,Male,./final_images\WF01_HO_happy.jpg,i,454.27545469999313,correct,happy,white,female,20,200,220
