Unnamed: 0,id,age,Ethnicity,gender,i,response,reaction_time,accuracy,img_emotion,img_ethnicity,img_gender,img_trigger,res_trigger,acc_trigger,ethnicity_trigger,gender_trigger
0,group12_sub1,23,danish,male,./final_images\BF17_NC_neutral.jpg,e,0.8580419002100825,neutral,neutral,black,female,40,100,140,42,142
1,group12_sub1,23,danish,male,./final_images\BF13_HC_happy.jpg,i,1.8081025001592927,correct,happy,black,female,20,200,220,22,122
2,group12_sub1,23,danish,male,./final_images\BF07_HC_happy.jpg,i,2.742013100069016,correct,happy,black,female,20,200,220,22,122
3,group12_sub1,23,danish,male,./final_images\BM05_NO_neutral.jpg,e,3.666992200072855,neutral,neutral,black,male,40,100,140,42,242
4,group12_sub1,23,danish,male,./final_images\BM13_SC_sad.jpg,e,4.490912100067362,correct,sad,black,male,30,100,130,32,232
5,group12_sub1,23,danish,male,./final_images\AF12_HO_happy.jpg,i,5.269048100104556,correct,happy,asian,female,20,200,220,21,121
6,group12_sub1,23,danish,male,./final_images\WF03_NO_neutral.jpg,e,6.253033300163224,neutral,neutral,white,female,40,100,140,43,143
7,group12_sub1,23,danish,male,./final_images\BF01_HC_happy.jpg,i,6.982028700178489,correct,happy,black,female,20,200,220,22,122
8,group12_sub1,23,danish,male,./final_images\AF08_HO_happy.jpg,i,7.731966300169006,correct,happy,asian,female,20,200,220,21,121
9,group12_sub1,23,danish,male,./final_images\WM08_SO_sad.jpg,e,8.551987900165841,correct,sad,white,male,30,100,130,33,233
10,group12_sub1,23,danish,male,./final_images\WF07_SO_sad.jpg,e,9.43303730012849,correct,sad,white,female,30,100,130,33,133
11,group12_sub1,23,danish,male,./final_images\BM05_SO_sad.jpg,e,10.171917400090024,correct,sad,black,male,30,100,130,32,232
12,group12_sub1,23,danish,male,./final_images\BM17_NO_neutral.jpg,e,11.057035400066525,neutral,neutral,black,male,40,100,140,42,242
13,group12_sub1,23,danish,male,./final_images\WF01_NO_neutral.jpg,e,12.042896600207314,neutral,neutral,white,female,40,100,140,43,143
14,group12_sub1,23,danish,male,./final_images\WF07_SC_sad.jpg,e,12.857057900168002,correct,sad,white,female,30,100,130,33,133
15,group12_sub1,23,danish,male,./final_images\BF19_SC_sad.jpg,e,13.613057899987323,correct,sad,black,female,30,100,130,32,132
16,group12_sub1,23,danish,male,./final_images\WM13_HC_happy.jpg,i,14.3669865000993,correct,happy,white,male,20,200,220,23,223
17,group12_sub1,23,danish,male,./final_images\WF13_SO_sad.jpg,e,15.129933300195262,correct,sad,white,female,30,100,130,33,133
18,group12_sub1,23,danish,male,./final_images\WF14_SO_sad.jpg,e,15.8989664001856,correct,sad,white,female,30,100,130,33,133
19,group12_sub1,23,danish,male,./final_images\WF07_HO_happy.jpg,i,16.675994200166315,correct,happy,white,female,20,200,220,23,123
20,group12_sub1,23,danish,male,./final_images\AM01_HO_happy.jpg,i,17.45997319999151,correct,happy,asian,male,20,200,220,21,221
21,group12_sub1,23,danish,male,./final_images\WF04_NO_neutral.jpg,e,18.315965900197625,neutral,neutral,white,female,40,100,140,43,143
22,group12_sub1,23,danish,male,./final_images\BF01_SC_sad.jpg,e,19.05696570011787,correct,sad,black,female,30,100,130,32,132
23,group12_sub1,23,danish,male,./final_images\WM04_SC_sad.jpg,e,19.80496109998785,correct,sad,white,male,30,100,130,33,233
24,group12_sub1,23,danish,male,./final_images\AF12_SC_sad.jpg,e,20.57197520020418,correct,sad,asian,female,30,100,130,31,131
25,group12_sub1,23,danish,male,./final_images\BF13_HO_happy.jpg,i,21.475910500157624,correct,happy,black,female,20,200,220,22,122
26,group12_sub1,23,danish,male,./final_images\BM04_HC_happy.jpg,i,22.278944700025026,correct,happy,black,male,20,200,220,22,222
27,group12_sub1,23,danish,male,./final_images\BM16_NC_neutral.jpg,e,23.13787880004384,neutral,neutral,black,male,40,100,140,42,242
28,group12_sub1,23,danish,male,./final_images\AF05_HO_happy.jpg,i,23.926052800146863,correct,happy,asian,female,20,200,220,21,121
29,group12_sub1,23,danish,male,./final_images\AM04_HO_happy.jpg,i,24.63997140014544,correct,happy,asian,male,20,200,220,21,221
30,group12_sub1,23,danish,male,./final_images\AM03_SC_sad.jpg,e,25.62097649998032,correct,sad,asian,male,30,100,130,31,231
31,group12_sub1,23,danish,male,./final_images\AF01_HO_happy.jpg,i,26.342983199981973,correct,happy,asian,female,20,200,220,21,121
32,group12_sub1,23,danish,male,./final_images\AF09_SO_sad.jpg,e,27.17793760006316,correct,sad,asian,female,30,100,130,31,131
33,group12_sub1,23,danish,male,./final_images\BF17_SC_sad.jpg,i,28.03086850000545,incorrect,sad,black,female,30,200,50,32,132
34,group12_sub1,23,danish,male,./final_images\BF10_HC_happy.jpg,i,28.82493620016612,correct,happy,black,female,20,200,220,22,122
35,group12_sub1,23,danish,male,./final_images\WM02_HC_happy.jpg,i,29.56287580006756,correct,happy,white,male,20,200,220,23,223
36,group12_sub1,23,danish,male,./final_images\AF06_HC_happy.jpg,i,30.331941900076345,correct,happy,asian,female,20,200,220,21,121
37,group12_sub1,23,danish,male,./final_images\AF02_HC_happy.jpg,i,31.103024100186303,correct,happy,asian,female,20,200,220,21,121
38,group12_sub1,23,danish,male,./final_images\AF09_SC_sad.jpg,e,31.86289730016142,correct,sad,asian,female,30,100,130,31,131
39,group12_sub1,23,danish,male,./final_images\WF08_NO_neutral.jpg,e,32.86894270009361,neutral,neutral,white,female,40,100,140,43,143
40,group12_sub1,23,danish,male,./final_images\BF05_SC_sad.jpg,e,33.63392770010978,correct,sad,black,female,30,100,130,32,132
41,group12_sub1,23,danish,male,./final_images\AF03_HO_happy.jpg,i,34.47897170018405,correct,happy,asian,female,20,200,220,21,121
42,group12_sub1,23,danish,male,./final_images\WM02_NO_neutral.jpg,e,35.3149367000442,neutral,neutral,white,male,40,100,140,43,243
43,group12_sub1,23,danish,male,./final_images\BF16_NO_neutral.jpg,e,36.10093700001016,neutral,neutral,black,female,40,100,140,42,142
44,group12_sub1,23,danish,male,./final_images\BF08_HC_happy.jpg,i,36.85957760014571,correct,happy,black,female,20,200,220,22,122
45,group12_sub1,23,danish,male,./final_images\AM03_HO_happy.jpg,i,37.58789100009017,correct,happy,asian,male,20,200,220,21,221
46,group12_sub1,23,danish,male,./final_images\BF10_NC_neutral.jpg,e,38.544866300188005,neutral,neutral,black,female,40,100,140,42,142
47,group12_sub1,23,danish,male,./final_images\BM18_NO_neutral.jpg,e,39.43394670006819,neutral,neutral,black,male,40,100,140,42,242
48,group12_sub1,23,danish,male,./final_images\AM07_SC_sad.jpg,e,40.33900020015426,correct,sad,asian,male,30,100,130,31,231
49,group12_sub1,23,danish,male,./final_images\BF20_SC_sad.jpg,e,41.11397420009598,correct,sad,black,female,30,100,130,32,132
50,group12_sub1,23,danish,male,./final_images\AF12_HC_happy.jpg,i,41.88883340009488,correct,happy,asian,female,20,200,220,21,121
51,group12_sub1,23,danish,male,./final_images\WM05_NO_neutral.jpg,e,42.84786980017088,neutral,neutral,white,male,40,100,140,43,243
52,group12_sub1,23,danish,male,./final_images\BM14_NO_neutral.jpg,i,43.91102710017003,neutral,neutral,black,male,40,200,140,42,242
53,group12_sub1,23,danish,male,./final_images\WF15_SC_sad.jpg,e,44.67584150005132,correct,sad,white,female,30,100,130,33,133
54,group12_sub1,23,danish,male,./final_images\BM01_SC_sad.jpg,e,45.53497850010172,correct,sad,black,male,30,100,130,32,232
55,group12_sub1,23,danish,male,./final_images\BF01_HO_happy.jpg,i,46.29397980007343,correct,happy,black,female,20,200,220,22,122
56,group12_sub1,23,danish,male,./final_images\WF14_SC_sad.jpg,e,47.05385460006073,correct,sad,white,female,30,100,130,33,133
57,group12_sub1,23,danish,male,./final_images\BF13_NO_neutral.jpg,e,47.968980400124565,neutral,neutral,black,female,40,100,140,42,142
58,group12_sub1,23,danish,male,./final_images\WF02_HO_happy.jpg,i,48.826841600006446,correct,happy,white,female,20,200,220,23,123
59,group12_sub1,23,danish,male,./final_images\WM06_NC_neutral.jpg,i,49.81689590006136,neutral,neutral,white,male,40,200,140,43,243
60,group12_sub1,23,danish,male,./final_images\BM12_HC_happy.jpg,i,50.642951500136405,correct,happy,black,male,20,200,220,22,222
61,group12_sub1,23,danish,male,./final_images\BM17_NC_neutral.jpg,i,51.53078100015409,neutral,neutral,black,male,40,200,140,42,242
62,group12_sub1,23,danish,male,./final_images\BF13_SC_sad.jpg,e,52.42594960005954,correct,sad,black,female,30,100,130,32,132
63,group12_sub1,23,danish,male,./final_images\BM08_HC_happy.jpg,i,53.277859000023454,correct,happy,black,male,20,200,220,22,222
64,group12_sub1,23,danish,male,./final_images\WF02_HC_happy.jpg,e,54.30791960004717,incorrect,happy,white,female,20,100,50,23,123
65,group12_sub1,23,danish,male,./final_images\BF05_HO_happy.jpg,i,55.081841100007296,correct,happy,black,female,20,200,220,22,122
66,group12_sub1,23,danish,male,./final_images\WF12_NO_neutral.jpg,e,56.05485339998268,neutral,neutral,white,female,40,100,140,43,143
67,group12_sub1,23,danish,male,./final_images\WF04_NC_neutral.jpg,e,56.904930900083855,neutral,neutral,white,female,40,100,140,43,143
68,group12_sub1,23,danish,male,./final_images\WF11_SO_sad.jpg,e,57.91382980020717,correct,sad,white,female,30,100,130,33,133
69,group12_sub1,23,danish,male,./final_images\WM08_HO_happy.jpg,i,58.67898910003714,correct,happy,white,male,20,200,220,23,223
70,group12_sub1,23,danish,male,./final_images\BF12_SO_sad.jpg,i,59.7268991000019,incorrect,sad,black,female,30,200,50,32,132
71,group12_sub1,23,danish,male,./final_images\AF03_SC_sad.jpg,e,60.50389980012551,correct,sad,asian,female,30,100,130,31,131
72,group12_sub1,23,danish,male,./final_images\BM05_SC_sad.jpg,e,61.39783120015636,correct,sad,black,male,30,100,130,32,232
73,group12_sub1,23,danish,male,./final_images\AM09_SO_sad.jpg,e,62.17083000019193,correct,sad,asian,male,30,100,130,31,231
74,group12_sub1,23,danish,male,./final_images\AM03_HC_happy.jpg,i,63.169895300176,correct,happy,asian,male,20,200,220,21,221
75,group12_sub1,23,danish,male,./final_images\BM03_HO_happy.jpg,i,63.90080519998446,correct,happy,black,male,20,200,220,22,222
76,group12_sub1,23,danish,male,./final_images\BF18_NC_neutral.jpg,e,64.75681210006587,neutral,neutral,black,female,40,100,140,42,142
77,group12_sub1,23,danish,male,./final_images\BF20_HO_happy.jpg,i,65.56785300001502,correct,happy,black,female,20,200,220,22,122
78,group12_sub1,23,danish,male,./final_images\WM04_SO_sad.jpg,e,66.38879410014488,correct,sad,white,male,30,100,130,33,233
79,group12_sub1,23,danish,male,./final_images\AM6_HO_happy.jpg,i,67.13988360017538,correct,happy,asian,male,20,200,220,21,221
80,group12_sub1,23,danish,male,./final_images\AF02_SC_sad.jpg,e,67.91687549999915,correct,sad,asian,female,30,100,130,31,131
81,group12_sub1,23,danish,male,./final_images\WM12_NO_neutral.jpg,e,68.96685350011103,neutral,neutral,white,male,40,100,140,43,243
82,group12_sub1,23,danish,male,./final_images\WF12_HO_happy.jpg,i,69.8578721000813,correct,happy,white,female,20,200,220,23,123
83,group12_sub1,23,danish,male,./final_images\WF12_HC_happy.jpg,i,70.65692340000533,correct,happy,white,female,20,200,220,23,123
84,group12_sub1,23,danish,male,./final_images\BF17_HC_happy.jpg,i,71.49779650010169,correct,happy,black,female,20,200,220,22,122
85,group12_sub1,23,danish,male,./final_images\AM10_HO_happy.jpg,i,72.20988690014929,correct,happy,asian,male,20,200,220,21,221
86,group12_sub1,23,danish,male,./final_images\AM11_HC_happy.jpg,i,73.12387500004843,correct,happy,asian,male,20,200,220,21,221
87,group12_sub1,23,danish,male,./final_images\WF15_NO_neutral.jpg,e,73.9518066002056,neutral,neutral,white,female,40,100,140,43,143
88,group12_sub1,23,danish,male,./final_images\BF04_NO_neutral.jpg,e,74.69794920017011,neutral,neutral,black,female,40,100,140,42,142
89,group12_sub1,23,danish,male,./final_images\BF15_NO_neutral.jpg,e,75.52595170005225,neutral,neutral,black,female,40,100,140,42,142
90,group12_sub1,23,danish,male,./final_images\WF06_NO_neutral.jpg,e,76.41984500014223,neutral,neutral,white,female,40,100,140,43,143
91,group12_sub1,23,danish,male,./final_images\BM17_HC_happy.jpg,i,77.25392970000394,correct,happy,black,male,20,200,220,22,222
92,group12_sub1,23,danish,male,./final_images\BF14_HC_happy.jpg,i,78.00583140016533,correct,happy,black,female,20,200,220,22,122
93,group12_sub1,23,danish,male,./final_images\BF08_SO_sad.jpg,e,78.82384710013866,correct,sad,black,female,30,100,130,32,132
94,group12_sub1,23,danish,male,./final_images\BM09_HO_happy.jpg,i,79.59673710004427,correct,happy,black,male,20,200,220,22,222
95,group12_sub1,23,danish,male,./final_images\BF06_NO_neutral.jpg,e,80.6088325001765,neutral,neutral,black,female,40,100,140,42,142
96,group12_sub1,23,danish,male,./final_images\WF14_NO_neutral.jpg,e,81.48989380011335,neutral,neutral,white,female,40,100,140,43,143
97,group12_sub1,23,danish,male,./final_images\BF18_SC_sad.jpg,i,82.2078238001559,incorrect,sad,black,female,30,200,50,32,132
98,group12_sub1,23,danish,male,./final_images\BM01_HO_happy.jpg,i,83.04080360010266,correct,happy,black,male,20,200,220,22,222
99,group12_sub1,23,danish,male,./final_images\WF05_NO_neutral.jpg,e,84.0968131001573,neutral,neutral,white,female,40,100,140,43,143
100,group12_sub1,23,danish,male,./final_images\BM13_SO_sad.jpg,e,85.22877690009773,correct,sad,black,male,30,100,130,32,232
101,group12_sub1,23,danish,male,./final_images\BM14_HC_happy.jpg,i,86.09479140001349,correct,happy,black,male,20,200,220,22,222
102,group12_sub1,23,danish,male,./final_images\WF09_NC_neutral.jpg,e,87.28576700016856,neutral,neutral,white,female,40,100,140,43,143
103,group12_sub1,23,danish,male,./final_images\WF06_SC_sad.jpg,e,88.14399090013467,correct,sad,white,female,30,100,130,33,133
104,group12_sub1,23,danish,male,./final_images\BM08_NO_neutral.jpg,e,89.34794700006023,neutral,neutral,black,male,40,100,140,42,242
105,group12_sub1,23,danish,male,./final_images\WF14_HO_happy.jpg,i,90.22676960006356,correct,happy,white,female,20,200,220,23,123
106,group12_sub1,23,danish,male,./final_images\BF13_NC_neutral.jpg,e,91.2027575999964,neutral,neutral,black,female,40,100,140,42,142
107,group12_sub1,23,danish,male,./final_images\BF16_HO_happy.jpg,i,91.94190610013902,correct,happy,black,female,20,200,220,22,122
108,group12_sub1,23,danish,male,./final_images\WM01_NO_neutral.jpg,e,93.13484450010584,neutral,neutral,white,male,40,100,140,43,243
109,group12_sub1,23,danish,male,./final_images\BF15_SC_sad.jpg,e,93.93581920000724,correct,sad,black,female,30,100,130,32,132
110,group12_sub1,23,danish,male,./final_images\WM05_SO_sad.jpg,e,95.69081489997916,correct,sad,white,male,30,100,130,33,233
111,group12_sub1,23,danish,male,./final_images\WM06_NO_neutral.jpg,i,96.53170030005276,neutral,neutral,white,male,40,200,140,43,243
112,group12_sub1,23,danish,male,./final_images\WM03_NO_neutral.jpg,i,97.38074330007656,neutral,neutral,white,male,40,200,140,43,243
113,group12_sub1,23,danish,male,./final_images\WM01_SC_sad.jpg,e,98.29997260007076,correct,sad,white,male,30,100,130,33,233
114,group12_sub1,23,danish,male,./final_images\BF16_SO_sad.jpg,e,99.24880820000544,correct,sad,black,female,30,100,130,32,132
115,group12_sub1,23,danish,male,./final_images\WF09_HC_happy.jpg,i,100.03184329997748,correct,happy,white,female,20,200,220,23,123
116,group12_sub1,23,danish,male,./final_images\AF05_HC_happy.jpg,i,100.8437444001902,correct,happy,asian,female,20,200,220,21,121
117,group12_sub1,23,danish,male,./final_images\BF03_SO_sad.jpg,e,101.72881660005078,correct,sad,black,female,30,100,130,32,132
118,group12_sub1,23,danish,male,./final_images\AM05_SO_sad.jpg,e,102.7889264000114,correct,sad,asian,male,30,100,130,31,231
119,group12_sub1,23,danish,male,./final_images\BM01_NC_neutral.jpg,i,103.62384160002694,neutral,neutral,black,male,40,200,140,42,242
120,group12_sub1,23,danish,male,./final_images\BM11_HC_happy.jpg,i,104.38978440011851,correct,happy,black,male,20,200,220,22,222
121,group12_sub1,23,danish,male,./final_images\BF19_SO_sad.jpg,e,105.22478460008278,correct,sad,black,female,30,100,130,32,132
122,group12_sub1,23,danish,male,./final_images\WM03_HC_happy.jpg,i,106.0067355001811,correct,happy,white,male,20,200,220,23,223
123,group12_sub1,23,danish,male,./final_images\BM01_SO_sad.jpg,e,106.88683670014144,correct,sad,black,male,30,100,130,32,232
124,group12_sub1,23,danish,male,./final_images\BM04_NO_neutral.jpg,e,107.80373789998704,neutral,neutral,black,male,40,100,140,42,242
125,group12_sub1,23,danish,male,./final_images\WM05_HC_happy.jpg,i,108.59590230020694,correct,happy,white,male,20,200,220,23,223
126,group12_sub1,23,danish,male,./final_images\WM06_HO_happy.jpg,i,109.38880700012668,correct,happy,white,male,20,200,220,23,223
127,group12_sub1,23,danish,male,./final_images\WF13_HO_happy.jpg,i,110.26071110018528,correct,happy,white,female,20,200,220,23,123
128,group12_sub1,23,danish,male,./final_images\WF01_NC_neutral.jpg,i,111.11686530010776,neutral,neutral,white,female,40,200,140,43,143
129,group12_sub1,23,danish,male,./final_images\BF07_SO_sad.jpg,e,112.11578440014272,correct,sad,black,female,30,100,130,32,132
130,group12_sub1,23,danish,male,./final_images\AM05_HO_happy.jpg,i,112.87175560020842,correct,happy,asian,male,20,200,220,21,221
131,group12_sub1,23,danish,male,./final_images\BF01_SO_sad.jpg,e,114.20678200013936,correct,sad,black,female,30,100,130,32,132
132,group12_sub1,23,danish,male,./final_images\BM11_HO_happy.jpg,i,114.99273200007156,correct,happy,black,male,20,200,220,22,222
133,group12_sub1,23,danish,male,./final_images\WM07_NO_neutral.jpg,e,116.18578630010596,neutral,neutral,white,male,40,100,140,43,243
134,group12_sub1,23,danish,male,./final_images\BF08_HO_happy.jpg,i,117.0268910001032,correct,happy,black,female,20,200,220,22,122
135,group12_sub1,23,danish,male,./final_images\BM14_SO_sad.jpg,e,118.04875329998322,correct,sad,black,male,30,100,130,32,232
136,group12_sub1,23,danish,male,./final_images\WF09_HO_happy.jpg,i,118.8858044000808,correct,happy,white,female,20,200,220,23,123
137,group12_sub1,23,danish,male,./final_images\AM6_HC_happy.jpg,i,119.7057196001988,correct,happy,asian,male,20,200,220,21,221
138,group12_sub1,23,danish,male,./final_images\BF12_SC_sad.jpg,i,120.49078300013208,incorrect,sad,black,female,30,200,50,32,132
139,group12_sub1,23,danish,male,./final_images\BF14_NO_neutral.jpg,e,121.40572630008684,neutral,neutral,black,female,40,100,140,42,142
140,group12_sub1,23,danish,male,./final_images\WM02_SO_sad.jpg,e,122.33285480015913,correct,sad,white,male,30,100,130,33,233
141,group12_sub1,23,danish,male,./final_images\BM01_NO_neutral.jpg,i,123.43576120003128,neutral,neutral,black,male,40,200,140,42,242
142,group12_sub1,23,danish,male,./final_images\BF18_NO_neutral.jpg,e,124.33977720001712,neutral,neutral,black,female,40,100,140,42,142
143,group12_sub1,23,danish,male,./final_images\BM02_HC_happy.jpg,i,125.08972000004724,correct,happy,black,male,20,200,220,22,222
144,group12_sub1,23,danish,male,./final_images\BM15_HC_happy.jpg,i,125.82277279999109,correct,happy,black,male,20,200,220,22,222
145,group12_sub1,23,danish,male,./final_images\AF11_SC_sad.jpg,e,126.73572600004265,correct,sad,asian,female,30,100,130,31,131
146,group12_sub1,23,danish,male,./final_images\BM18_NC_neutral.jpg,i,127.89483570004812,neutral,neutral,black,male,40,200,140,42,242
147,group12_sub1,23,danish,male,./final_images\AF10_HO_happy.jpg,i,128.8267584000714,correct,happy,asian,female,20,200,220,21,121
148,group12_sub1,23,danish,male,./final_images\BF08_NO_neutral.jpg,i,130.3348209001124,neutral,neutral,black,female,40,200,140,42,142
149,group12_sub1,23,danish,male,./final_images\AF10_HC_happy.jpg,i,131.16483140015043,correct,happy,asian,female,20,200,220,21,121
150,group12_sub1,23,danish,male,./final_images\WF04_SO_sad.jpg,e,132.28467560000718,correct,sad,white,female,30,100,130,33,133
151,group12_sub1,23,danish,male,./final_images\AM09_HC_happy.jpg,i,133.32371330005117,correct,happy,asian,male,20,200,220,21,221
152,group12_sub1,23,danish,male,./final_images\BM06_SC_sad.jpg,i,134.6267405000981,incorrect,sad,black,male,30,200,50,32,232
153,group12_sub1,23,danish,male,./final_images\BM09_SO_sad.jpg,i,135.79674450005405,incorrect,sad,black,male,30,200,50,32,232
154,group12_sub1,23,danish,male,./final_images\BM04_SO_sad.jpg,e,136.63581730006263,correct,sad,black,male,30,100,130,32,232
155,group12_sub1,23,danish,male,./final_images\BM05_HO_happy.jpg,i,137.47882630000822,correct,happy,black,male,20,200,220,22,222
156,group12_sub1,23,danish,male,./final_images\WF09_SO_sad.jpg,e,138.21775329997763,correct,sad,white,female,30,100,130,33,133
157,group12_sub1,23,danish,male,./final_images\AM04_SC_sad.jpg,e,139.1977262001019,correct,sad,asian,male,30,100,130,31,231
158,group12_sub1,23,danish,male,./final_images\WF06_HO_happy.jpg,i,139.973823599983,correct,happy,white,female,20,200,220,23,123
159,group12_sub1,23,danish,male,./final_images\BM06_HO_happy.jpg,i,140.89863810013048,correct,happy,black,male,20,200,220,22,222
160,group12_sub1,23,danish,male,./final_images\BM17_HO_happy.jpg,i,141.6587975001894,correct,happy,black,male,20,200,220,22,222
161,group12_sub1,23,danish,male,./final_images\WM09_HO_happy.jpg,i,142.37968010012992,correct,happy,white,male,20,200,220,23,223
162,group12_sub1,23,danish,male,./final_images\AM03_SO_sad.jpg,e,143.2347049000673,correct,sad,asian,male,30,100,130,31,231
163,group12_sub1,23,danish,male,./final_images\WF05_SO_sad.jpg,e,144.09073370019905,correct,sad,white,female,30,100,130,33,133
164,group12_sub1,23,danish,male,./final_images\WM06_SC_sad.jpg,e,145.54770770017058,correct,sad,white,male,30,100,130,33,233
165,group12_sub1,23,danish,male,./final_images\BM11_NC_neutral.jpg,i,146.58973160013556,neutral,neutral,black,male,40,200,140,42,242
166,group12_sub1,23,danish,male,./final_images\WF05_HC_happy.jpg,i,147.5628049999941,correct,happy,white,female,20,200,220,23,123
167,group12_sub1,23,danish,male,./final_images\BM17_SO_sad.jpg,i,149.10681250016205,incorrect,sad,black,male,30,200,50,32,232
168,group12_sub1,23,danish,male,./final_images\WM12_SO_sad.jpg,e,149.94574470003136,correct,sad,white,male,30,100,130,33,233
169,group12_sub1,23,danish,male,./final_images\BM15_SC_sad.jpg,i,150.8816702000331,incorrect,sad,black,male,30,200,50,32,232
170,group12_sub1,23,danish,male,./final_images\BF08_SC_sad.jpg,e,151.86170840007253,correct,sad,black,female,30,100,130,32,132
171,group12_sub1,23,danish,male,./final_images\BM14_NC_neutral.jpg,e,152.9726410000585,neutral,neutral,black,male,40,100,140,42,242
172,group12_sub1,23,danish,male,./final_images\BF03_HC_happy.jpg,i,153.7687244000845,correct,happy,black,female,20,200,220,22,122
173,group12_sub1,23,danish,male,./final_images\WF04_HO_happy.jpg,i,154.66276290011592,correct,happy,white,female,20,200,220,23,123
174,group12_sub1,23,danish,male,./final_images\BF05_NO_neutral.jpg,e,155.74164600018412,neutral,neutral,black,female,40,100,140,42,142
175,group12_sub1,23,danish,male,./final_images\BM03_HC_happy.jpg,i,156.4517463000957,correct,happy,black,male,20,200,220,22,222
176,group12_sub1,23,danish,male,./final_images\WM08_SC_sad.jpg,i,157.60272700013593,incorrect,sad,white,male,30,200,50,33,233
177,group12_sub1,23,danish,male,./final_images\WF13_SC_sad.jpg,e,158.49667150015011,correct,sad,white,female,30,100,130,33,133
178,group12_sub1,23,danish,male,./final_images\WF11_HO_happy.jpg,i,159.2887500000652,correct,happy,white,female,20,200,220,23,123
179,group12_sub1,23,danish,male,./final_images\WF04_HC_happy.jpg,i,160.26464710012078,correct,happy,white,female,20,200,220,23,123
180,group12_sub1,23,danish,male,./final_images\WM07_NC_neutral.jpg,i,161.31473340000957,neutral,neutral,white,male,40,200,140,43,243
181,group12_sub1,23,danish,male,./final_images\AF05_SC_sad.jpg,e,162.1487682000734,correct,sad,asian,female,30,100,130,31,131
182,group12_sub1,23,danish,male,./final_images\WM08_HC_happy.jpg,i,162.90266390005127,correct,happy,white,male,20,200,220,23,223
183,group12_sub1,23,danish,male,./final_images\BM06_SO_sad.jpg,e,163.87462750007398,correct,sad,black,male,30,100,130,32,232
184,group12_sub1,23,danish,male,./final_images\BF17_NO_neutral.jpg,i,164.74579610000364,neutral,neutral,black,female,40,200,140,42,142
185,group12_sub1,23,danish,male,./final_images\AF09_HO_happy.jpg,i,165.68766390020028,correct,happy,asian,female,20,200,220,21,121
186,group12_sub1,23,danish,male,./final_images\BM02_SC_sad.jpg,e,166.65875519998372,correct,sad,black,male,30,100,130,32,232
187,group12_sub1,23,danish,male,./final_images\WM12_HC_happy.jpg,i,167.36672300007194,correct,happy,white,male,20,200,220,23,223
188,group12_sub1,23,danish,male,./final_images\BF12_HO_happy.jpg,i,168.12571709998883,correct,happy,black,female,20,200,220,22,122
189,group12_sub1,23,danish,male,./final_images\BM12_NO_neutral.jpg,i,169.55059480015188,neutral,neutral,black,male,40,200,140,42,242
190,group12_sub1,23,danish,male,./final_images\WF06_SO_sad.jpg,e,170.3615372001659,correct,sad,white,female,30,100,130,33,133
191,group12_sub1,23,danish,male,./final_images\WF07_NC_neutral.jpg,e,171.713654700201,neutral,neutral,white,female,40,100,140,43,143
192,group12_sub1,23,danish,male,./final_images\BF20_NO_neutral.jpg,i,172.5567387000192,neutral,neutral,black,female,40,200,140,42,142
193,group12_sub1,23,danish,male,./final_images\BM02_NC_neutral.jpg,i,173.37264530011453,neutral,neutral,black,male,40,200,140,42,242
194,group12_sub1,23,danish,male,./final_images\BM09_NC_neutral.jpg,i,174.52965270006098,neutral,neutral,black,male,40,200,140,42,242
195,group12_sub1,23,danish,male,./final_images\BM18_HC_happy.jpg,i,175.36460119998085,correct,happy,black,male,20,200,220,22,222
196,group12_sub1,23,danish,male,./final_images\AM01_SO_sad.jpg,e,176.68662980012596,correct,sad,asian,male,30,100,130,31,231
197,group12_sub1,23,danish,male,./final_images\BM04_NC_neutral.jpg,i,177.86260089999996,neutral,neutral,black,male,40,200,140,42,242
198,group12_sub1,23,danish,male,./final_images\WM13_NO_neutral.jpg,e,178.8955858000554,neutral,neutral,white,male,40,100,140,43,243
199,group12_sub1,23,danish,male,./final_images\BM03_SC_sad.jpg,e,179.84160990011878,correct,sad,black,male,30,100,130,32,232
200,group12_sub1,23,danish,male,./final_images\AF08_HC_happy.jpg,i,180.62976540019736,correct,happy,asian,female,20,200,220,21,121
201,group12_sub1,23,danish,male,./final_images\BM15_NC_neutral.jpg,i,181.87860320019536,neutral,neutral,black,male,40,200,140,42,242
202,group12_sub1,23,danish,male,./final_images\WF05_HO_happy.jpg,i,183.0546820000745,correct,happy,white,female,20,200,220,23,123
203,group12_sub1,23,danish,male,./final_images\AM07_HO_happy.jpg,i,183.8975736000575,correct,happy,asian,male,20,200,220,21,221
204,group12_sub1,23,danish,male,./final_images\WF11_HC_happy.jpg,i,184.87563170003705,correct,happy,white,female,20,200,220,23,123
205,group12_sub1,23,danish,male,./final_images\WM13_NC_neutral.jpg,e,185.6976271001622,neutral,neutral,white,male,40,100,140,43,243
206,group12_sub1,23,danish,male,./final_images\BM13_HC_happy.jpg,i,186.41159180016257,correct,happy,black,male,20,200,220,22,222
207,group12_sub1,23,danish,male,./final_images\AM6_SO_sad.jpg,e,187.23168130009435,correct,sad,asian,male,30,100,130,31,231
208,group12_sub1,23,danish,male,./final_images\BF15_HC_happy.jpg,i,188.0067286000121,correct,happy,black,female,20,200,220,22,122
209,group12_sub1,23,danish,male,./final_images\WM09_SO_sad.jpg,e,189.239576500142,correct,sad,white,male,30,100,130,33,233
210,group12_sub1,23,danish,male,./final_images\WF02_NC_neutral.jpg,e,190.4356329999864,neutral,neutral,white,female,40,100,140,43,143
211,group12_sub1,23,danish,male,./final_images\BF14_SC_sad.jpg,e,191.19654610008,correct,sad,black,female,30,100,130,32,132
212,group12_sub1,23,danish,male,./final_images\BF10_SO_sad.jpg,e,192.0556306000799,correct,sad,black,female,30,100,130,32,132
213,group12_sub1,23,danish,male,./final_images\BM09_SC_sad.jpg,e,193.0715964001137,correct,sad,black,male,30,100,130,32,232
214,group12_sub1,23,danish,male,./final_images\WM11_SO_sad.jpg,e,193.98867590003647,correct,sad,white,male,30,100,130,33,233
215,group12_sub1,23,danish,male,./final_images\WM13_SO_sad.jpg,e,194.83563360013068,correct,sad,white,male,30,100,130,33,233
216,group12_sub1,23,danish,male,./final_images\WF15_SO_sad.jpg,e,195.69563530012965,correct,sad,white,female,30,100,130,33,133
217,group12_sub1,23,danish,male,./final_images\BM05_NC_neutral.jpg,i,196.65058740018867,neutral,neutral,black,male,40,200,140,42,242
218,group12_sub1,23,danish,male,./final_images\BF02_HO_happy.jpg,i,197.450649500126,correct,happy,black,female,20,200,220,22,122
219,group12_sub1,23,danish,male,./final_images\WM10_HO_happy.jpg,i,198.20961840008383,correct,happy,white,male,20,200,220,23,223
220,group12_sub1,23,danish,male,./final_images\WF09_SC_sad.jpg,e,199.02469980018213,correct,sad,white,female,30,100,130,33,133
221,group12_sub1,23,danish,male,./final_images\WM09_NO_neutral.jpg,i,200.18459900002927,neutral,neutral,white,male,40,200,140,43,243
222,group12_sub1,23,danish,male,./final_images\BF06_SO_sad.jpg,e,201.13865029998124,correct,sad,black,female,30,100,130,32,132
223,group12_sub1,23,danish,male,./final_images\WM03_SC_sad.jpg,i,201.9585583000444,incorrect,sad,white,male,30,200,50,33,233
224,group12_sub1,23,danish,male,./final_images\BF18_HC_happy.jpg,i,202.7656350000761,correct,happy,black,female,20,200,220,22,122
225,group12_sub1,23,danish,male,./final_images\BF05_HC_happy.jpg,i,203.5535811001901,correct,happy,black,female,20,200,220,22,122
226,group12_sub1,23,danish,male,./final_images\AM10_SO_sad.jpg,e,204.4046243000776,correct,sad,asian,male,30,100,130,31,231
227,group12_sub1,23,danish,male,./final_images\AM02_SO_sad.jpg,e,205.2416832000017,correct,sad,asian,male,30,100,130,31,231
228,group12_sub1,23,danish,male,./final_images\BM09_HC_happy.jpg,i,206.01065349997955,correct,happy,black,male,20,200,220,22,222
229,group12_sub1,23,danish,male,./final_images\WM13_HO_happy.jpg,i,206.7076183001045,correct,happy,white,male,20,200,220,23,223
230,group12_sub1,23,danish,male,./final_images\AF02_HO_happy.jpg,i,207.4915250001941,correct,happy,asian,female,20,200,220,21,121
231,group12_sub1,23,danish,male,./final_images\BF16_SC_sad.jpg,e,208.26856140000743,correct,sad,black,female,30,100,130,32,132
232,group12_sub1,23,danish,male,./final_images\AM11_HO_happy.jpg,e,209.195556800114,incorrect,happy,asian,male,20,100,50,21,221
233,group12_sub1,23,danish,male,./final_images\WM11_NO_neutral.jpg,e,210.00065940013155,neutral,neutral,white,male,40,100,140,43,243
234,group12_sub1,23,danish,male,./final_images\AF07_SC_sad.jpg,e,210.8306135002058,correct,sad,asian,female,30,100,130,31,131
235,group12_sub1,23,danish,male,./final_images\BM08_NC_neutral.jpg,e,211.65957530005835,neutral,neutral,black,male,40,100,140,42,242
236,group12_sub1,23,danish,male,./final_images\WF12_SC_sad.jpg,e,212.5545367000159,correct,sad,white,female,30,100,130,33,133
237,group12_sub1,23,danish,male,./final_images\AF07_HC_happy.jpg,i,213.35558790015057,correct,happy,asian,female,20,200,220,21,121
238,group12_sub1,23,danish,male,./final_images\BF02_SO_sad.jpg,e,214.1186675000936,correct,sad,black,female,30,100,130,32,132
239,group12_sub1,23,danish,male,./final_images\WM12_NC_neutral.jpg,i,214.8935539000668,neutral,neutral,white,male,40,200,140,43,243
240,group12_sub1,23,danish,male,./final_images\AF10_SO_sad.jpg,e,215.69863760005683,correct,sad,asian,female,30,100,130,31,131
241,group12_sub1,23,danish,male,./final_images\AF10_SC_sad.jpg,e,216.61257380014283,correct,sad,asian,female,30,100,130,31,131
242,group12_sub1,23,danish,male,./final_images\AM04_SO_sad.jpg,e,217.4686955001671,correct,sad,asian,male,30,100,130,31,231
243,group12_sub1,23,danish,male,./final_images\WF12_NC_neutral.jpg,e,218.54350740020163,neutral,neutral,white,female,40,100,140,43,143
244,group12_sub1,23,danish,male,./final_images\WM02_SC_sad.jpg,e,219.432561499998,correct,sad,white,male,30,100,130,33,233
245,group12_sub1,23,danish,male,./final_images\BM06_HC_happy.jpg,i,220.307583300164,correct,happy,black,male,20,200,220,22,222
246,group12_sub1,23,danish,male,./final_images\WF02_SO_sad.jpg,e,221.12465830007568,correct,sad,white,female,30,100,130,33,133
247,group12_sub1,23,danish,male,./final_images\WM07_HO_happy.jpg,i,221.77754660020585,correct,happy,white,male,20,200,220,23,223
248,group12_sub1,23,danish,male,./final_images\BM09_NO_neutral.jpg,i,222.6585792000405,neutral,neutral,black,male,40,200,140,42,242
249,group12_sub1,23,danish,male,./final_images\WF05_NC_neutral.jpg,e,223.51862460002303,neutral,neutral,white,female,40,100,140,43,143
250,group12_sub1,23,danish,male,./final_images\WF01_SO_sad.jpg,e,224.3044782001525,correct,sad,white,female,30,100,130,33,133
251,group12_sub1,23,danish,male,./final_images\AF11_HO_happy.jpg,i,225.00961680011824,correct,happy,asian,female,20,200,220,21,121
252,group12_sub1,23,danish,male,./final_images\BM03_NO_neutral.jpg,e,226.0025820999872,neutral,neutral,black,male,40,100,140,42,242
253,group12_sub1,23,danish,male,./final_images\BF07_SC_sad.jpg,e,226.78454870008864,correct,sad,black,female,30,100,130,32,132
254,group12_sub1,23,danish,male,./final_images\BF13_SO_sad.jpg,e,227.7326261000708,correct,sad,black,female,30,100,130,32,132
255,group12_sub1,23,danish,male,./final_images\WF08_HO_happy.jpg,i,228.5335693000816,correct,happy,white,female,20,200,220,23,123
256,group12_sub1,23,danish,male,./final_images\AM11_SO_sad.jpg,e,229.4545889000874,correct,sad,asian,male,30,100,130,31,231
257,group12_sub1,23,danish,male,./final_images\BM13_HO_happy.jpg,i,230.2175423000008,correct,happy,black,male,20,200,220,22,222
258,group12_sub1,23,danish,male,./final_images\BF20_SO_sad.jpg,e,231.070610600058,correct,sad,black,female,30,100,130,32,132
259,group12_sub1,23,danish,male,./final_images\AF11_SO_sad.jpg,e,231.9936053000856,correct,sad,asian,female,30,100,130,31,131
260,group12_sub1,23,danish,male,./final_images\WM13_SC_sad.jpg,e,232.8325847000815,correct,sad,white,male,30,100,130,33,233
261,group12_sub1,23,danish,male,./final_images\BM03_NC_neutral.jpg,i,233.6714893002063,neutral,neutral,black,male,40,200,140,42,242
262,group12_sub1,23,danish,male,./final_images\BM14_SC_sad.jpg,e,234.73352080001496,correct,sad,black,male,30,100,130,32,232
263,group12_sub1,23,danish,male,./final_images\BM16_SO_sad.jpg,i,235.94350260007195,incorrect,sad,black,male,30,200,50,32,232
264,group12_sub1,23,danish,male,./final_images\AM08_HC_happy.jpg,i,236.818574400153,correct,happy,asian,male,20,200,220,21,221
265,group12_sub1,23,danish,male,./final_images\WF15_NC_neutral.jpg,i,237.7915843999945,neutral,neutral,white,female,40,200,140,43,143
266,group12_sub1,23,danish,male,./final_images\AM05_HC_happy.jpg,i,238.5125480000861,correct,happy,asian,male,20,200,220,21,221
267,group12_sub1,23,danish,male,./final_images\WM01_NC_neutral.jpg,i,239.4434978000354,neutral,neutral,white,male,40,200,140,43,243
268,group12_sub1,23,danish,male,./final_images\WF13_NC_neutral.jpg,i,240.40448800008744,neutral,neutral,white,female,40,200,140,43,143
269,group12_sub1,23,danish,male,./final_images\AF08_SC_sad.jpg,e,241.14055210002687,correct,sad,asian,female,30,100,130,31,131
270,group12_sub1,23,danish,male,./final_images\AM02_SC_sad.jpg,e,241.8985678001773,correct,sad,asian,male,30,100,130,31,231
271,group12_sub1,23,danish,male,./final_images\AF12_SO_sad.jpg,e,242.7587586001028,correct,sad,asian,female,30,100,130,31,131
272,group12_sub1,23,danish,male,./final_images\AM02_HO_happy.jpg,i,243.5525526001584,correct,happy,asian,male,20,200,220,21,221
273,group12_sub1,23,danish,male,./final_images\BM12_HO_happy.jpg,i,244.3044822001829,correct,happy,black,male,20,200,220,22,222
274,group12_sub1,23,danish,male,./final_images\BF10_NO_neutral.jpg,i,245.2555208001285,neutral,neutral,black,female,40,200,140,42,142
275,group12_sub1,23,danish,male,./final_images\WM10_HC_happy.jpg,i,246.0965507000219,correct,happy,white,male,20,200,220,23,223
276,group12_sub1,23,danish,male,./final_images\BM11_SC_sad.jpg,e,246.87962800008245,correct,sad,black,male,30,100,130,32,232
277,group12_sub1,23,danish,male,./final_images\WF01_HC_happy.jpg,i,247.69550959998745,correct,happy,white,female,20,200,220,23,123
278,group12_sub1,23,danish,male,./final_images\WF09_NO_neutral.jpg,e,248.5296045001596,neutral,neutral,white,female,40,100,140,43,143
279,group12_sub1,23,danish,male,./final_images\AF05_SO_sad.jpg,e,249.5494706002064,correct,sad,asian,female,30,100,130,31,131
280,group12_sub1,23,danish,male,./final_images\WF08_HC_happy.jpg,i,250.25746520003304,correct,happy,white,female,20,200,220,23,123
281,group12_sub1,23,danish,male,./final_images\AF06_HO_happy.jpg,i,251.0354592001532,correct,happy,asian,female,20,200,220,21,121
282,group12_sub1,23,danish,male,./final_images\AM08_HO_happy.jpg,i,251.9035687001888,correct,happy,asian,male,20,200,220,21,221
283,group12_sub1,23,danish,male,./final_images\BF02_HC_happy.jpg,i,252.6425109000411,correct,happy,black,female,20,200,220,22,122
284,group12_sub1,23,danish,male,./final_images\BM12_SC_sad.jpg,e,253.45655310014263,correct,sad,black,male,30,100,130,32,232
285,group12_sub1,23,danish,male,./final_images\AF03_SO_sad.jpg,e,254.27747790003195,correct,sad,asian,female,30,100,130,31,131
286,group12_sub1,23,danish,male,./final_images\BF02_NC_neutral.jpg,e,255.16944630001672,neutral,neutral,black,female,40,100,140,42,142
287,group12_sub1,23,danish,male,./final_images\BF05_SO_sad.jpg,e,255.9786026000511,correct,sad,black,female,30,100,130,32,132
288,group12_sub1,23,danish,male,./final_images\AF06_SC_sad.jpg,e,257.4065328000579,correct,sad,asian,female,30,100,130,31,131
289,group12_sub1,23,danish,male,./final_images\BM18_HO_happy.jpg,i,258.14341550017707,correct,happy,black,male,20,200,220,22,222
290,group12_sub1,23,danish,male,./final_images\WF01_SC_sad.jpg,e,259.0685076999944,correct,sad,white,female,30,100,130,33,133
291,group12_sub1,23,danish,male,./final_images\AM09_SC_sad.jpg,e,259.90063420007937,correct,sad,asian,male,30,100,130,31,231
292,group12_sub1,23,danish,male,./final_images\BM05_HC_happy.jpg,i,260.74148680013604,correct,happy,black,male,20,200,220,22,222
293,group12_sub1,23,danish,male,./final_images\WM04_HO_happy.jpg,i,261.46452510007657,correct,happy,white,male,20,200,220,23,223
294,group12_sub1,23,danish,male,./final_images\BF12_NO_neutral.jpg,i,262.3306116000749,neutral,neutral,black,female,40,200,140,42,142
295,group12_sub1,23,danish,male,./final_images\WM09_HC_happy.jpg,i,263.0784565000795,correct,happy,white,male,20,200,220,23,223
296,group12_sub1,23,danish,male,./final_images\WF11_NO_neutral.jpg,e,263.98860809998587,neutral,neutral,white,female,40,100,140,43,143
297,group12_sub1,23,danish,male,./final_images\WM04_NO_neutral.jpg,i,264.8294730000198,neutral,neutral,white,male,40,200,140,43,243
298,group12_sub1,23,danish,male,./final_images\BF10_HO_happy.jpg,i,265.6044285001699,correct,happy,black,female,20,200,220,22,122
299,group12_sub1,23,danish,male,./final_images\WM10_NO_neutral.jpg,i,266.4263997999951,neutral,neutral,white,male,40,200,140,43,243
300,group12_sub1,23,danish,male,./final_images\WM01_HO_happy.jpg,i,267.31563100009225,correct,happy,white,male,20,200,220,23,223
301,group12_sub1,23,danish,male,./final_images\WF11_SC_sad.jpg,e,268.2215960000176,correct,sad,white,female,30,100,130,33,133
302,group12_sub1,23,danish,male,./final_images\WM11_SC_sad.jpg,i,269.1555880000815,incorrect,sad,white,male,30,200,50,33,233
303,group12_sub1,23,danish,male,./final_images\BF04_NC_neutral.jpg,i,270.72039180016145,neutral,neutral,black,female,40,200,140,42,142
304,group12_sub1,23,danish,male,./final_images\BF14_NC_neutral.jpg,i,272.24953080015257,neutral,neutral,black,female,40,200,140,42,142
305,group12_sub1,23,danish,male,./final_images\BF04_SC_sad.jpg,e,273.19753220002167,correct,sad,black,female,30,100,130,32,132
306,group12_sub1,23,danish,male,./final_images\BM11_NO_neutral.jpg,i,274.3404294999782,neutral,neutral,black,male,40,200,140,42,242
307,group12_sub1,23,danish,male,./final_images\WF15_HC_happy.jpg,i,275.2065630001016,correct,happy,white,female,20,200,220,23,123
308,group12_sub1,23,danish,male,./final_images\BF06_SC_sad.jpg,e,276.0245281001553,correct,sad,black,female,30,100,130,32,132
309,group12_sub1,23,danish,male,./final_images\WM06_SO_sad.jpg,e,276.93446660018526,correct,sad,white,male,30,100,130,33,233
310,group12_sub1,23,danish,male,./final_images\AM01_SC_sad.jpg,e,277.7984298001975,correct,sad,asian,male,30,100,130,31,231
311,group12_sub1,23,danish,male,./final_images\AF06_SO_sad.jpg,e,278.57849740004167,correct,sad,asian,female,30,100,130,31,131
312,group12_sub1,23,danish,male,./final_images\WF14_HC_happy.jpg,i,279.36456650006585,correct,happy,white,female,20,200,220,23,123
313,group12_sub1,23,danish,male,./final_images\AM10_SC_sad.jpg,i,280.3064366001636,incorrect,sad,asian,male,30,200,50,31,231
314,group12_sub1,23,danish,male,./final_images\WF10_SC_sad.jpg,e,281.1365009001456,correct,sad,white,female,30,100,130,33,133
315,group12_sub1,23,danish,male,./final_images\WM03_HO_happy.jpg,i,282.3195403001737,correct,happy,white,male,20,200,220,23,223
316,group12_sub1,23,danish,male,./final_images\AM02_HC_happy.jpg,i,283.1075339000672,correct,happy,asian,male,20,200,220,21,221
317,group12_sub1,23,danish,male,./final_images\AM07_HC_happy.jpg,i,283.8935927001294,correct,happy,asian,male,20,200,220,21,221
318,group12_sub1,23,danish,male,./final_images\WM08_NC_neutral.jpg,i,284.6324939001352,neutral,neutral,white,male,40,200,140,43,243
319,group12_sub1,23,danish,male,./final_images\BF01_NC_neutral.jpg,i,285.88245330005884,neutral,neutral,black,female,40,200,140,42,142
320,group12_sub1,23,danish,male,./final_images\WM07_SC_sad.jpg,e,286.77841300005093,correct,sad,white,male,30,100,130,33,233
321,group12_sub1,23,danish,male,./final_images\BF03_HO_happy.jpg,i,287.5245107000228,correct,happy,black,female,20,200,220,22,122
322,group12_sub1,23,danish,male,./final_images\BM15_NO_neutral.jpg,e,288.52554629999213,neutral,neutral,black,male,40,100,140,42,242
323,group12_sub1,23,danish,male,./final_images\WM05_SC_sad.jpg,e,289.40040959999897,correct,sad,white,male,30,100,130,33,233
324,group12_sub1,23,danish,male,./final_images\BF19_HC_happy.jpg,i,290.2623912000563,correct,happy,black,female,20,200,220,22,122
325,group12_sub1,23,danish,male,./final_images\WM03_SO_sad.jpg,e,291.1644849001896,correct,sad,white,male,30,100,130,33,233
326,group12_sub1,23,danish,male,./final_images\WM09_SC_sad.jpg,e,292.06347200018354,correct,sad,white,male,30,100,130,33,233
327,group12_sub1,23,danish,male,./final_images\BF19_NO_neutral.jpg,e,292.93857670016587,neutral,neutral,black,female,40,100,140,42,142
328,group12_sub1,23,danish,male,./final_images\BF03_SC_sad.jpg,e,293.9774037001189,correct,sad,black,female,30,100,130,32,132
329,group12_sub1,23,danish,male,./final_images\AM11_SC_sad.jpg,e,294.77451710007153,correct,sad,asian,male,30,100,130,31,231
330,group12_sub1,23,danish,male,./final_images\AF01_HC_happy.jpg,i,295.51351710013114,correct,happy,asian,female,20,200,220,21,121
331,group12_sub1,23,danish,male,./final_images\WM11_HC_happy.jpg,i,296.25048350007273,correct,happy,white,male,20,200,220,23,223
332,group12_sub1,23,danish,male,./final_images\BM13_NC_neutral.jpg,i,297.4354988001287,neutral,neutral,black,male,40,200,140,42,242
333,group12_sub1,23,danish,male,./final_images\WF13_HC_happy.jpg,i,298.3143820001278,correct,happy,white,female,20,200,220,23,123
334,group12_sub1,23,danish,male,./final_images\WF03_HC_happy.jpg,i,299.15549650019966,correct,happy,white,female,20,200,220,23,123
335,group12_sub1,23,danish,male,./final_images\WM05_HO_happy.jpg,i,299.9173899001908,correct,happy,white,male,20,200,220,23,223
336,group12_sub1,23,danish,male,./final_images\AF09_HC_happy.jpg,i,300.69938810006715,correct,happy,asian,female,20,200,220,21,121
337,group12_sub1,23,danish,male,./final_images\AF11_HC_happy.jpg,i,301.44740450009704,correct,happy,asian,female,20,200,220,21,121
338,group12_sub1,23,danish,male,./final_images\WF03_SO_sad.jpg,e,302.2964202000294,correct,sad,white,female,30,100,130,33,133
339,group12_sub1,23,danish,male,./final_images\BF18_SO_sad.jpg,e,303.1815164000727,correct,sad,black,female,30,100,130,32,132
340,group12_sub1,23,danish,male,./final_images\WF11_NC_neutral.jpg,i,304.0034374999814,neutral,neutral,white,female,40,200,140,43,143
341,group12_sub1,23,danish,male,./final_images\BF03_NC_neutral.jpg,i,305.13758900016546,neutral,neutral,black,female,40,200,140,42,142
342,group12_sub1,23,danish,male,./final_images\BF02_NO_neutral.jpg,e,306.1264818001073,neutral,neutral,black,female,40,100,140,42,142
343,group12_sub1,23,danish,male,./final_images\AF08_SO_sad.jpg,e,306.8874913000036,correct,sad,asian,female,30,100,130,31,131
344,group12_sub1,23,danish,male,./final_images\BM16_SC_sad.jpg,e,307.9223496001214,correct,sad,black,male,30,100,130,32,232
345,group12_sub1,23,danish,male,./final_images\WF05_SC_sad.jpg,e,308.7225327000488,correct,sad,white,female,30,100,130,33,133
346,group12_sub1,23,danish,male,./final_images\BF19_NC_neutral.jpg,e,309.70045790006407,neutral,neutral,black,female,40,100,140,42,142
347,group12_sub1,23,danish,male,./final_images\BM18_SO_sad.jpg,e,310.54942569998093,correct,sad,black,male,30,100,130,32,232
348,group12_sub1,23,danish,male,./final_images\WF10_HO_happy.jpg,i,311.35938420007005,correct,happy,white,female,20,200,220,23,123
349,group12_sub1,23,danish,male,./final_images\BM02_HO_happy.jpg,i,312.081483400194,correct,happy,black,male,20,200,220,22,222
350,group12_sub1,23,danish,male,./final_images\AF03_HC_happy.jpg,i,312.92236810014583,correct,happy,asian,female,20,200,220,21,121
351,group12_sub1,23,danish,male,./final_images\BF15_HO_happy.jpg,i,313.74240470002405,correct,happy,black,female,20,200,220,22,122
352,group12_sub1,23,danish,male,./final_images\WF02_SC_sad.jpg,e,314.8194594001397,correct,sad,white,female,30,100,130,33,133
353,group12_sub1,23,danish,male,./final_images\BM06_NO_neutral.jpg,e,316.0484530001413,neutral,neutral,black,male,40,100,140,42,242
354,group12_sub1,23,danish,male,./final_images\BF16_HC_happy.jpg,i,316.8803342001047,correct,happy,black,female,20,200,220,22,122
355,group12_sub1,23,danish,male,./final_images\BF02_SC_sad.jpg,e,317.7763888000045,correct,sad,black,female,30,100,130,32,132
356,group12_sub1,23,danish,male,./final_images\WM01_HC_happy.jpg,i,318.5453367000446,correct,happy,white,male,20,200,220,23,223
357,group12_sub1,23,danish,male,./final_images\WM10_SC_sad.jpg,e,319.49646880012006,correct,sad,white,male,30,100,130,33,233
358,group12_sub1,23,danish,male,./final_images\BM11_SO_sad.jpg,e,320.345343900146,correct,sad,black,male,30,100,130,32,232
359,group12_sub1,23,danish,male,./final_images\AM07_SO_sad.jpg,e,321.2974568000064,correct,sad,asian,male,30,100,130,31,231
360,group12_sub1,23,danish,male,./final_images\BM14_HO_happy.jpg,i,322.12832450005226,correct,happy,black,male,20,200,220,22,222
361,group12_sub1,23,danish,male,./final_images\BF04_HO_happy.jpg,i,322.9527442001272,correct,happy,black,female,20,200,220,22,122
362,group12_sub1,23,danish,male,./final_images\BF10_SC_sad.jpg,e,324.1492796000093,correct,sad,black,female,30,100,130,32,132
363,group12_sub1,23,danish,male,./final_images\AM05_SC_sad.jpg,e,324.9884701999836,correct,sad,asian,male,30,100,130,31,231
364,group12_sub1,23,danish,male,./final_images\WF03_HO_happy.jpg,i,325.7784685001243,correct,happy,white,female,20,200,220,23,123
365,group12_sub1,23,danish,male,./final_images\WM10_NC_neutral.jpg,e,326.6173382999841,neutral,neutral,white,male,40,100,140,43,243
366,group12_sub1,23,danish,male,./final_images\BF07_NC_neutral.jpg,e,327.4153264001943,neutral,neutral,black,female,40,100,140,42,142
367,group12_sub1,23,danish,male,./final_images\BM02_NO_neutral.jpg,e,328.2243773001246,neutral,neutral,black,male,40,100,140,42,242
368,group12_sub1,23,danish,male,./final_images\BM02_SO_sad.jpg,e,329.04846140020527,correct,sad,black,male,30,100,130,32,232
369,group12_sub1,23,danish,male,./final_images\WF04_SC_sad.jpg,e,329.8133164001629,correct,sad,white,female,30,100,130,33,133
370,group12_sub1,23,danish,male,./final_images\BM04_SC_sad.jpg,e,330.56127120018937,correct,sad,black,male,30,100,130,32,232
371,group12_sub1,23,danish,male,./final_images\AM09_HO_happy.jpg,i,331.3784193000756,correct,happy,asian,male,20,200,220,21,221
372,group12_sub1,23,danish,male,./final_images\WF10_NC_neutral.jpg,i,332.32236670004204,neutral,neutral,white,female,40,200,140,43,143
373,group12_sub1,23,danish,male,./final_images\BF19_HO_happy.jpg,i,333.1674002001528,correct,happy,black,female,20,200,220,22,122
374,group12_sub1,23,danish,male,./final_images\WF10_SO_sad.jpg,e,333.97947590006515,correct,sad,white,female,30,100,130,33,133
375,group12_sub1,23,danish,male,./final_images\BF15_NC_neutral.jpg,i,334.9594328000676,neutral,neutral,black,female,40,200,140,42,142
376,group12_sub1,23,danish,male,./final_images\BM18_SC_sad.jpg,e,335.87132340017706,correct,sad,black,male,30,100,130,32,232
377,group12_sub1,23,danish,male,./final_images\WM10_SO_sad.jpg,e,336.8583062000107,correct,sad,white,male,30,100,130,33,233
378,group12_sub1,23,danish,male,./final_images\WM12_HO_happy.jpg,i,337.6613063002005,correct,happy,white,male,20,200,220,23,223
379,group12_sub1,23,danish,male,./final_images\BF08_NC_neutral.jpg,i,338.5634234000463,neutral,neutral,black,female,40,200,140,42,142
380,group12_sub1,23,danish,male,./final_images\BM16_HC_happy.jpg,i,339.35929649998434,correct,happy,black,male,20,200,220,22,222
381,group12_sub1,23,danish,male,./final_images\BF07_NO_neutral.jpg,e,340.5333874002099,neutral,neutral,black,female,40,100,140,42,142
382,group12_sub1,23,danish,male,./final_images\AF07_SO_sad.jpg,e,341.4183571001049,correct,sad,asian,female,30,100,130,31,131
383,group12_sub1,23,danish,male,./final_images\WM04_NC_neutral.jpg,i,342.4604740000796,neutral,neutral,white,male,40,200,140,43,243
384,group12_sub1,23,danish,male,./final_images\BF17_SO_sad.jpg,e,343.265357500175,correct,sad,black,female,30,100,130,32,132
385,group12_sub1,23,danish,male,./final_images\AM04_HC_happy.jpg,i,344.0613099001348,correct,happy,asian,male,20,200,220,21,221
386,group12_sub1,23,danish,male,./final_images\BM08_HO_happy.jpg,i,344.84128060005605,correct,happy,black,male,20,200,220,22,222
387,group12_sub1,23,danish,male,./final_images\BF06_HO_happy.jpg,e,345.74335660017096,incorrect,happy,black,female,20,100,50,22,122
388,group12_sub1,23,danish,male,./final_images\BF16_NC_neutral.jpg,i,348.0213494000491,neutral,neutral,black,female,40,200,140,42,142
389,group12_sub1,23,danish,male,./final_images\WM04_HC_happy.jpg,i,349.03136480017565,correct,happy,white,male,20,200,220,23,223
390,group12_sub1,23,danish,male,./final_images\BM16_HO_happy.jpg,i,349.8133324000519,correct,happy,black,male,20,200,220,22,222
391,group12_sub1,23,danish,male,./final_images\BF14_HO_happy.jpg,i,350.7672705000732,correct,happy,black,female,20,200,220,22,122
392,group12_sub1,23,danish,male,./final_images\AM01_HC_happy.jpg,i,351.9384410001803,correct,happy,asian,male,20,200,220,21,221
393,group12_sub1,23,danish,male,./final_images\WF03_NC_neutral.jpg,e,353.3552867001854,neutral,neutral,white,female,40,100,140,43,143
394,group12_sub1,23,danish,male,./final_images\WM02_NC_neutral.jpg,e,354.98333790013567,neutral,neutral,white,male,40,100,140,43,243
395,group12_sub1,23,danish,male,./final_images\BM01_HC_happy.jpg,i,356.0163037001621,correct,happy,black,male,20,200,220,22,222
396,group12_sub1,23,danish,male,./final_images\AM08_SC_sad.jpg,e,356.8534151001368,correct,sad,asian,male,30,100,130,31,231
397,group12_sub1,23,danish,male,./final_images\WF08_SO_sad.jpg,i,357.95526350010186,incorrect,sad,white,female,30,200,50,33,133
398,group12_sub1,23,danish,male,./final_images\WF10_HC_happy.jpg,i,358.78137830016203,correct,happy,white,female,20,200,220,23,123
399,group12_sub1,23,danish,male,./final_images\BF12_NC_neutral.jpg,i,359.888347200118,neutral,neutral,black,female,40,200,140,42,142
400,group12_sub1,23,danish,male,./final_images\WF10_NO_neutral.jpg,e,360.9322739001364,neutral,neutral,white,female,40,100,140,43,143
401,group12_sub1,23,danish,male,./final_images\AM08_SO_sad.jpg,e,361.71730620018207,correct,sad,asian,male,30,100,130,31,231
402,group12_sub1,23,danish,male,./final_images\WM11_NC_neutral.jpg,e,362.6262617001776,neutral,neutral,white,male,40,100,140,43,243
403,group12_sub1,23,danish,male,./final_images\WF15_HO_happy.jpg,i,363.5053062001243,correct,happy,white,female,20,200,220,23,123
404,group12_sub1,23,danish,male,./final_images\WF06_HC_happy.jpg,i,364.5402573000174,correct,happy,white,female,20,200,220,23,123
405,group12_sub1,23,danish,male,./final_images\BF05_NC_neutral.jpg,e,365.53326719999313,neutral,neutral,black,female,40,100,140,42,142
406,group12_sub1,23,danish,male,./final_images\BM15_HO_happy.jpg,i,366.2974129000213,correct,happy,black,male,20,200,220,22,222
407,group12_sub1,23,danish,male,./final_images\WM12_SC_sad.jpg,e,367.39431640016846,correct,sad,white,male,30,100,130,33,233
408,group12_sub1,23,danish,male,./final_images\WF08_SC_sad.jpg,e,368.22635390004143,correct,sad,white,female,30,100,130,33,133
409,group12_sub1,23,danish,male,./final_images\BM12_NC_neutral.jpg,e,369.57628839998506,neutral,neutral,black,male,40,100,140,42,242
410,group12_sub1,23,danish,male,./final_images\BF03_NO_neutral.jpg,e,370.6534013000783,neutral,neutral,black,female,40,100,140,42,142
411,group12_sub1,23,danish,male,./final_images\BF04_HC_happy.jpg,i,372.1292107000481,correct,happy,black,female,20,200,220,22,122
412,group12_sub1,23,danish,male,./final_images\BM12_SO_sad.jpg,e,373.00822090008296,correct,sad,black,male,30,100,130,32,232
413,group12_sub1,23,danish,male,./final_images\BM16_NO_neutral.jpg,i,374.3205876001157,neutral,neutral,black,male,40,200,140,42,242
414,group12_sub1,23,danish,male,./final_images\WM03_NC_neutral.jpg,e,375.2412964000832,neutral,neutral,white,male,40,100,140,43,243
415,group12_sub1,23,danish,male,./final_images\WF01_HO_happy.jpg,i,376.0612598999869,correct,happy,white,female,20,200,220,23,123
416,group12_sub1,23,danish,male,./final_images\BF01_NO_neutral.jpg,e,376.9293266001623,neutral,neutral,black,female,40,100,140,42,142
417,group12_sub1,23,danish,male,./final_images\AM6_SC_sad.jpg,e,377.9322222000919,correct,sad,asian,male,30,100,130,31,231
418,group12_sub1,23,danish,male,./final_images\BF17_HO_happy.jpg,i,378.8281778001692,correct,happy,black,female,20,200,220,22,122
419,group12_sub1,23,danish,male,./final_images\BM08_SC_sad.jpg,i,379.7132258000784,incorrect,sad,black,male,30,200,50,32,232
420,group12_sub1,23,danish,male,./final_images\BF06_NC_neutral.jpg,i,381.77033940004185,neutral,neutral,black,female,40,200,140,42,142
421,group12_sub1,23,danish,male,./final_images\BF18_HO_happy.jpg,i,382.7443357000593,correct,happy,black,female,20,200,220,22,122
422,group12_sub1,23,danish,male,./final_images\BF04_SO_sad.jpg,e,383.9313806002028,correct,sad,black,female,30,100,130,32,132
423,group12_sub1,23,danish,male,./final_images\WF07_HC_happy.jpg,i,385.1758248000406,correct,happy,white,female,20,200,220,23,123
424,group12_sub1,23,danish,male,./final_images\BF20_HC_happy.jpg,i,386.1442340000067,correct,happy,black,female,20,200,220,22,122
425,group12_sub1,23,danish,male,./final_images\WM07_SO_sad.jpg,e,387.0102794000413,correct,sad,white,male,30,100,130,33,233
426,group12_sub1,23,danish,male,./final_images\AF07_HO_happy.jpg,i,387.8513072000351,correct,happy,asian,female,20,200,220,21,121
427,group12_sub1,23,danish,male,./final_images\BF15_SO_sad.jpg,e,388.67337770015,correct,sad,black,female,30,100,130,32,132
428,group12_sub1,23,danish,male,./final_images\WF02_NO_neutral.jpg,e,389.6622709000949,neutral,neutral,white,female,40,100,140,43,143
429,group12_sub1,23,danish,male,./final_images\WM08_NO_neutral.jpg,e,390.8253516000696,neutral,neutral,white,male,40,100,140,43,243
430,group12_sub1,23,danish,male,./final_images\WF08_NC_neutral.jpg,i,391.751220199978,neutral,neutral,white,female,40,200,140,43,143
431,group12_sub1,23,danish,male,./final_images\WF12_SO_sad.jpg,e,392.8031976001803,correct,sad,white,female,30,100,130,33,133
432,group12_sub1,23,danish,male,./final_images\WM07_HC_happy.jpg,i,393.6793484999798,correct,happy,white,male,20,200,220,23,223
433,group12_sub1,23,danish,male,./final_images\AF01_SC_sad.jpg,e,395.9433020001743,correct,sad,asian,female,30,100,130,31,131
434,group12_sub1,23,danish,male,./final_images\BF20_NC_neutral.jpg,e,396.99532680003904,neutral,neutral,black,female,40,100,140,42,142
435,group12_sub1,23,danish,male,./final_images\BM06_NC_neutral.jpg,i,397.8383208001033,neutral,neutral,black,male,40,200,140,42,242
436,group12_sub1,23,danish,male,./final_images\WF07_NO_neutral.jpg,i,399.5742836000864,neutral,neutral,white,female,40,200,140,43,143
437,group12_sub1,23,danish,male,./final_images\WM05_NC_neutral.jpg,i,401.1203317001928,neutral,neutral,white,male,40,200,140,43,243
438,group12_sub1,23,danish,male,./final_images\BF14_SO_sad.jpg,e,402.0302801001817,correct,sad,black,female,30,100,130,32,132
439,group12_sub1,23,danish,male,./final_images\BF06_HC_happy.jpg,i,402.95125100016594,correct,happy,black,female,20,200,220,22,122
440,group12_sub1,23,danish,male,./final_images\WM01_SO_sad.jpg,e,403.8472357999999,correct,sad,white,male,30,100,130,33,233
441,group12_sub1,23,danish,male,./final_images\BF07_HO_happy.jpg,i,404.77222730009817,correct,happy,black,female,20,200,220,22,122
442,group12_sub1,23,danish,male,./final_images\WM02_HO_happy.jpg,i,405.7103691999801,correct,happy,white,male,20,200,220,23,223
443,group12_sub1,23,danish,male,./final_images\WF06_NC_neutral.jpg,i,406.9041588001419,neutral,neutral,white,female,40,200,140,43,143
444,group12_sub1,23,danish,male,./final_images\WF13_NO_neutral.jpg,e,407.9342279999983,neutral,neutral,white,female,40,100,140,43,143
445,group12_sub1,23,danish,male,./final_images\BM15_SO_sad.jpg,e,408.9552267000545,correct,sad,black,male,30,100,130,32,232
446,group12_sub1,23,danish,male,./final_images\BM03_SO_sad.jpg,e,409.9902187001426,correct,sad,black,male,30,100,130,32,232
447,group12_sub1,23,danish,male,./final_images\AM10_HC_happy.jpg,i,410.9423220001627,correct,happy,asian,male,20,200,220,21,221
448,group12_sub1,23,danish,male,./final_images\BF12_HC_happy.jpg,i,411.84916840004735,correct,happy,black,female,20,200,220,22,122
449,group12_sub1,23,danish,male,./final_images\WF14_NC_neutral.jpg,e,412.8621835000813,neutral,neutral,white,female,40,100,140,43,143
